nohup: ignoring input
VX-01 Launch Backend running on http://localhost:3001
  POST /api/launch   { command_id, command_string }
  POST /api/stop     { command_id }
  POST /api/stop-all — kills everything in the container
  GET  /api/status   — list running processes
[stop-all] Graceful shutdown requested. Running: []
[stop-all] Inner shutdown error: Command failed: docker exec vx01-dev bash -c "pkill -SIGINT -f 'ros2 launch' 2>/dev/null; true && pkill -SIGINT -f 'ros2 run'    2>/dev/null; true && sleep 3 && pkill -SIGKILL -f 'ros2'                  2>/dev/null; true && pkill -SIGKILL -f 'mavros_node'            2>/dev/null; true && pkill -SIGKILL -f 'arducopter'             2>/dev/null; true && pkill -SIGKILL -f 'ign gazebo'             2>/dev/null; true && pkill -SIGKILL -f 'gz sim'                 2>/dev/null; true && pkill -SIGKILL -f 'gzserver'               2>/dev/null; true && pkill -SIGKILL -f 'gzclient'               2>/dev/null; true && pkill -SIGKILL -f 'rosbridge'              2>/dev/null; true && pkill -SIGKILL -f 'web_video_server'       2>/dev/null; true && rm -f /tmp/.ros_*                          2>/dev/null; true && rm -f /root/.ros/log/latest                2>/dev/null; true"

Starting process: sim -> ros2 launch vx01_bringup vx01_hybrid_sim.launch.py
[sim] [INFO] [launch]: All log files can be found below /root/.ros/log/2026-04-06-11-49-43-561501-Gouri-Shankar-3754
[INFO] [launch]: Default logging verbosity is set to INFO
[sim] [INFO] [robot_state_publisher-1]: process started with pid [3782]
[INFO] [ign gazebo-2]: process started with pid [3784]
[sim] [INFO] [parameter_bridge-3]: process started with pid [3786]
[INFO] [arducopter-4]: process started with pid [3788]
[sim] [arducopter-4] Setting SIM_SPEEDUP=1.000000
[sim] [arducopter-4] Starting SITL: JSON
[sim] [arducopter-4] JSON control interface set to 127.0.0.1:9002
[sim] [arducopter-4] Starting sketch 'ArduCopter'
[arducopter-4] Starting SITL input
[arducopter-4] Using Irlock at port : 9005
[arducopter-4] Waiting for connection ....
[sim] [arducopter-4] bind port 5760 for SERIAL0
[sim] [arducopter-4] SERIAL0 on TCP port 5760
[sim] [robot_state_publisher-1] [INFO] [1775456384.274545222] [robot_state_publisher]: got segment arm_link_0
[sim] [robot_state_publisher-1] [INFO] [1775456384.274742937] [robot_state_publisher]: got segment arm_link_1
[robot_state_publisher-1] [INFO] [1775456384.274756663] [robot_state_publisher]: got segment arm_link_2
[robot_state_publisher-1] [INFO] [1775456384.274763035] [robot_state_publisher]: got segment arm_link_3
[sim] [robot_state_publisher-1] [INFO] [1775456384.274771090] [robot_state_publisher]: got segment base_footprint
[robot_state_publisher-1] [INFO] [1775456384.274777062] [robot_state_publisher]: got segment base_link
[robot_state_publisher-1] [INFO] [1775456384.274786099] [robot_state_publisher]: got segment coxa_link_0
[sim] [robot_state_publisher-1] [INFO] [1775456384.274793162] [robot_state_publisher]: got segment coxa_link_1
[robot_state_publisher-1] [INFO] [1775456384.274798352] [robot_state_publisher]: got segment coxa_link_2
[robot_state_publisher-1] [INFO] [1775456384.274803532] [robot_state_publisher]: got segment coxa_link_3
[robot_state_publisher-1] [INFO] [1775456384.274811216] [robot_state_publisher]: got segment coxa_link_4
[robot_state_publisher-1] [INFO] [1775456384.274816306] [robot_state_publisher]: got segment coxa_link_5
[robot_state_publisher-1] [INFO] [1775456384.274820925] [robot_state_publisher]: got segment depth_camera_link
[robot_state_publisher-1] [INFO] [1775456384.274826956] [robot_state_publisher]: got segment depth_camera_optical_frame
[robot_state_publisher-1] [INFO] [1775456384.274835182] [robot_state_publisher]: got segment femur_link_0
[robot_state_publisher-1] [INFO] [1775456384.274840161] [robot_state_publisher]: got segment femur_link_1
[robot_state_publisher-1] [INFO] [1775456384.274847866] [robot_state_publisher]: got segment femur_link_2
[robot_state_publisher-1] [INFO] [1775456384.274853256] [robot_state_publisher]: got segment femur_link_3
[robot_state_publisher-1] [INFO] [1775456384.274858035] [robot_state_publisher]: got segment femur_link_4
[robot_state_publisher-1] [INFO] [1775456384.274862704] [robot_state_publisher]: got segment femur_link_5
[robot_state_publisher-1] [INFO] [1775456384.274867513] [robot_state_publisher]: got segment imu_link
[robot_state_publisher-1] [INFO] [1775456384.274872162] [robot_state_publisher]: got segment motor_link_0
[robot_state_publisher-1] [INFO] [1775456384.274877292] [robot_state_publisher]: got segment motor_link_1
[robot_state_publisher-1] [INFO] [1775456384.274885076] [robot_state_publisher]: got segment motor_link_2
[robot_state_publisher-1] [INFO] [1775456384.274891028] [robot_state_publisher]: got segment motor_link_3
[robot_state_publisher-1] [INFO] [1775456384.274898151] [robot_state_publisher]: got segment prop_link_0
[robot_state_publisher-1] [INFO] [1775456384.274904082] [robot_state_publisher]: got segment prop_link_1
[robot_state_publisher-1] [INFO] [1775456384.274909042] [robot_state_publisher]: got segment prop_link_2
[robot_state_publisher-1] [INFO] [1775456384.274915334] [robot_state_publisher]: got segment prop_link_3
[robot_state_publisher-1] [INFO] [1775456384.274919953] [robot_state_publisher]: got segment tf_mini_link
[robot_state_publisher-1] [INFO] [1775456384.274924541] [robot_state_publisher]: got segment tibia_link_0
[robot_state_publisher-1] [INFO] [1775456384.274929461] [robot_state_publisher]: got segment tibia_link_1
[robot_state_publisher-1] [INFO] [1775456384.274934380] [robot_state_publisher]: got segment tibia_link_2
[robot_state_publisher-1] [INFO] [1775456384.274940251] [robot_state_publisher]: got segment tibia_link_3
[robot_state_publisher-1] [INFO] [1775456384.274945060] [robot_state_publisher]: got segment tibia_link_4
[robot_state_publisher-1] [INFO] [1775456384.274949919] [robot_state_publisher]: got segment tibia_link_5
[sim] [ign gazebo-2] QStandardPaths: XDG_RUNTIME_DIR not set, defaulting to '/tmp/runtime-root'
[sim] [parameter_bridge-3] [INFO] [1775456385.310793881] [vx01_bridge]: Creating GZ->ROS Bridge: [/clock (ignition.msgs.Clock) -> /clock (rosgraph_msgs/msg/Clock)] (Lazy 0)
[sim] [parameter_bridge-3] [INFO] [1775456385.312422390] [vx01_bridge]: Creating GZ->ROS Bridge: [/world/empty/model/vx01/link/base_footprint/sensor/imu_sensor/imu (ignition.msgs.IMU) -> /imu/data (sensor_msgs/msg/Imu)] (Lazy 0)
[sim] [parameter_bridge-3] [INFO] [1775456385.314506954] [vx01_bridge]: Creating GZ->ROS Bridge: [/depth_camera/image (ignition.msgs.Image) -> /depth_camera/color/image_raw (sensor_msgs/msg/Image)] (Lazy 0)
[parameter_bridge-3] [INFO] [1775456385.315208935] [vx01_bridge]: Creating GZ->ROS Bridge: [/depth_camera/depth_image (ignition.msgs.Image) -> /depth_camera/depth/image_raw (sensor_msgs/msg/Image)] (Lazy 0)
[sim] [parameter_bridge-3] [INFO] [1775456385.315821818] [vx01_bridge]: Creating GZ->ROS Bridge: [/depth_camera/camera_info (ignition.msgs.CameraInfo) -> /depth_camera/camera_info (sensor_msgs/msg/CameraInfo)] (Lazy 0)
[sim] [parameter_bridge-3] [INFO] [1775456385.316616555] [vx01_bridge]: Creating GZ->ROS Bridge: [/depth_camera/points (ignition.msgs.PointCloudPacked) -> /depth_camera/points (sensor_msgs/msg/PointCloud2)] (Lazy 0)
[sim] [parameter_bridge-3] [INFO] [1775456385.317400753] [vx01_bridge]: Creating GZ->ROS Bridge: [/lidar/scan (ignition.msgs.LaserScan) -> /lidar/scan (sensor_msgs/msg/LaserScan)] (Lazy 0)
[sim] [parameter_bridge-3] [INFO] [1775456385.318037531] [vx01_bridge]: Creating GZ->ROS Bridge: [/tf_mini/scan (ignition.msgs.LaserScan) -> /tf_mini/scan (sensor_msgs/msg/LaserScan)] (Lazy 0)
[sim] [INFO] [create-5]: process started with pid [3947]
[sim] [create-5] [INFO] [1775456389.293461704] [spawn_vx01]: Requesting list of world names.
[sim] [create-5] [INFO] [1775456389.495482480] [spawn_vx01]: Waiting messages on topic [robot_description].
[sim] [create-5] [INFO] [1775456389.696992887] [spawn_vx01]: Requested creation of entity.
[create-5] [INFO] [1775456389.697063931] [spawn_vx01]: OK creation of entity.
[sim] [ign gazebo-2] [INFO] [1775456389.829861680] [GazeboSimROS2ControlPlugin]: robot_param_node is robot_state_publisher
[ign gazebo-2] [INFO] [1775456389.829939237] [GazeboSimROS2ControlPlugin]: robot_param_node is robot_description
[sim] [ign gazebo-2] [INFO] [1775456389.841374739] [gz_ros2_control]: connected to service!! robot_state_publisher asking for robot_description
[sim] [ign gazebo-2] [INFO] [1775456389.843427522] [gz_ros2_control]: Received URDF from param server
[sim] [INFO] [create-5]: process has finished cleanly [pid 3947]
[sim] [ign gazebo-2] [INFO] [1775456389.855488250] [gz_ros2_control]: The position_proportional_gain has been set to: 0.1
[sim] [ign gazebo-2] [INFO] [1775456389.855602457] [gz_ros2_control]: Loading joint: coxa_leg0_joint
[ign gazebo-2] [INFO] [1775456389.855618136] [gz_ros2_control]: 	State:
[sim] [ign gazebo-2] [INFO] [1775456389.855631351] [gz_ros2_control]: 		 position
[ign gazebo-2] [INFO] [1775456389.855649967] [gz_ros2_control]: 			 found initial value: 0.000000
[ign gazebo-2] [INFO] [1775456389.855667590] [gz_ros2_control]: 	Command:
[ign gazebo-2] [INFO] [1775456389.855677068] [gz_ros2_control]: 		 position
[ign gazebo-2] [INFO] [1775456389.855709940] [gz_ros2_control]: Loading joint: femur_leg0_joint
[sim] [ign gazebo-2] [INFO] [1775456389.855717705] [gz_ros2_control]: 	State:
[sim] [ign gazebo-2] [INFO] [1775456389.855723336] [gz_ros2_control]: 		 position
[sim] [ign gazebo-2] [INFO] [1775456389.855730600] [gz_ros2_control]: 			 found initial value: -0.785000
[sim] [ign gazebo-2] [INFO] [1775456389.855738475] [gz_ros2_control]: 	Command:
[ign gazebo-2] [INFO] [1775456389.855744426] [gz_ros2_control]: 		 position
[sim] [ign gazebo-2] [INFO] [1775456389.855761318] [gz_ros2_control]: Loading joint: tibia_leg0_joint
[ign gazebo-2] [INFO] [1775456389.855766858] [gz_ros2_control]: 	State:
[ign gazebo-2] [INFO] [1775456389.855771928] [gz_ros2_control]: 		 position
[sim] [ign gazebo-2] [INFO] [1775456389.855779823] [gz_ros2_control]: 			 found initial value: 0.600000
[ign gazebo-2] [INFO] [1775456389.855790674] [gz_ros2_control]: 	Command:
[sim] [ign gazebo-2] [INFO] [1775456389.855799540] [gz_ros2_control]: 		 position
[ign gazebo-2] [INFO] [1775456389.855826692] [gz_ros2_control]: Loading joint: coxa_leg1_joint
[ign gazebo-2] [INFO] [1775456389.855838785] [gz_ros2_control]: 	State:
[sim] [ign gazebo-2] [INFO] [1775456389.855848283] [gz_ros2_control]: 		 position
[sim] [ign gazebo-2] [INFO] [1775456389.855856118] [gz_ros2_control]: 			 found initial value: 0.000000
[sim] [ign gazebo-2] [INFO] [1775456389.855866668] [gz_ros2_control]: 	Command:
[ign gazebo-2] [INFO] [1775456389.855875885] [gz_ros2_control]: 		 position
[sim] [ign gazebo-2] [INFO] [1775456389.855894040] [gz_ros2_control]: Loading joint: femur_leg1_joint
[sim] [ign gazebo-2] [INFO] [1775456389.855900031] [gz_ros2_control]: 	State:
[sim] [ign gazebo-2] [INFO] [1775456389.855905351] [gz_ros2_control]: 		 position
[ign gazebo-2] [INFO] [1775456389.855911643] [gz_ros2_control]: 			 found initial value: -0.785000
[sim] [ign gazebo-2] [INFO] [1775456389.855917825] [gz_ros2_control]: 	Command:
[ign gazebo-2] [INFO] [1775456389.855923055] [gz_ros2_control]: 		 position
[sim] [ign gazebo-2] [INFO] [1775456389.855939776] [gz_ros2_control]: Loading joint: tibia_leg1_joint
[sim] [ign gazebo-2] [INFO] [1775456389.855945277] [gz_ros2_control]: 	State:
[ign gazebo-2] [INFO] [1775456389.855950877] [gz_ros2_control]: 		 position
[ign gazebo-2] [INFO] [1775456389.855955987] [gz_ros2_control]: 			 found initial value: 0.600000
[ign gazebo-2] [INFO] [1775456389.855962169] [gz_ros2_control]: 	Command:
[ign gazebo-2] [INFO] [1775456389.855968030] [gz_ros2_control]: 		 position
[ign gazebo-2] [INFO] [1775456389.855982407] [gz_ros2_control]: Loading joint: coxa_leg2_joint
[ign gazebo-2] [INFO] [1775456389.855988940] [gz_ros2_control]: 	State:
[ign gazebo-2] [INFO] [1775456389.855994029] [gz_ros2_control]: 		 position
[ign gazebo-2] [INFO] [1775456389.855998828] [gz_ros2_control]: 			 found initial value: 0.000000
[ign gazebo-2] [INFO] [1775456389.856004489] [gz_ros2_control]: 	Command:
[ign gazebo-2] [INFO] [1775456389.856009489] [gz_ros2_control]: 		 position
[ign gazebo-2] [INFO] [1775456389.856024657] [gz_ros2_control]: Loading joint: femur_leg2_joint
[ign gazebo-2] [INFO] [1775456389.856030228] [gz_ros2_control]: 	State:
[ign gazebo-2] [INFO] [1775456389.856035678] [gz_ros2_control]: 		 position
[ign gazebo-2] [INFO] [1775456389.856041159] [gz_ros2_control]: 			 found initial value: -0.785000
[ign gazebo-2] [INFO] [1775456389.856047631] [gz_ros2_control]: 	Command:
[ign gazebo-2] [INFO] [1775456389.856053091] [gz_ros2_control]: 		 position
[ign gazebo-2] [INFO] [1775456389.856067168] [gz_ros2_control]: Loading joint: tibia_leg2_joint
[ign gazebo-2] [INFO] [1775456389.856075744] [gz_ros2_control]: 	State:
[ign gazebo-2] [INFO] [1775456389.856084461] [gz_ros2_control]: 		 position
[ign gazebo-2] [INFO] [1775456389.856094159] [gz_ros2_control]: 			 found initial value: 0.600000
[ign gazebo-2] [INFO] [1775456389.856104389] [gz_ros2_control]: 	Command:
[ign gazebo-2] [INFO] [1775456389.856112534] [gz_ros2_control]: 		 position
[ign gazebo-2] [INFO] [1775456389.856135067] [gz_ros2_control]: Loading joint: coxa_leg3_joint
[ign gazebo-2] [INFO] [1775456389.856142260] [gz_ros2_control]: 	State:
[ign gazebo-2] [INFO] [1775456389.856148272] [gz_ros2_control]: 		 position
[ign gazebo-2] [INFO] [1775456389.856202685] [gz_ros2_control]: 			 found initial value: 0.000000
[ign gazebo-2] [INFO] [1775456389.856212955] [gz_ros2_control]: 	Command:
[ign gazebo-2] [INFO] [1775456389.856218756] [gz_ros2_control]: 		 position
[ign gazebo-2] [INFO] [1775456389.856237651] [gz_ros2_control]: Loading joint: femur_leg3_joint
[ign gazebo-2] [INFO] [1775456389.856243643] [gz_ros2_control]: 	State:
[ign gazebo-2] [INFO] [1775456389.856251768] [gz_ros2_control]: 		 position
[ign gazebo-2] [INFO] [1775456389.856257088] [gz_ros2_control]: 			 found initial value: -0.785000
[sim] [ign gazebo-2] [INFO] [1775456389.856263440] [gz_ros2_control]: 	Command:
[ign gazebo-2] [INFO] [1775456389.856268971] [gz_ros2_control]: 		 position
[ign gazebo-2] [INFO] [1775456389.856284069] [gz_ros2_control]: Loading joint: tibia_leg3_joint
[ign gazebo-2] [INFO] [1775456389.856289600] [gz_ros2_control]: 	State:
[sim] [ign gazebo-2] [INFO] [1775456389.856294640] [gz_ros2_control]: 		 position
[ign gazebo-2] [INFO] [1775456389.856326109] [gz_ros2_control]: 			 found initial value: 0.600000
[ign gazebo-2] [INFO] [1775456389.856335166] [gz_ros2_control]: 	Command:
[ign gazebo-2] [INFO] [1775456389.856340987] [gz_ros2_control]: 		 position
[sim] [ign gazebo-2] [INFO] [1775456389.856358050] [gz_ros2_control]: Loading joint: coxa_leg4_joint
[sim] [ign gazebo-2] [INFO] [1775456389.856364181] [gz_ros2_control]: 	State:
[ign gazebo-2] [INFO] [1775456389.856369481] [gz_ros2_control]: 		 position
[sim] [ign gazebo-2] [INFO] [1775456389.856374341] [gz_ros2_control]: 			 found initial value: 0.000000
[sim] [ign gazebo-2] [INFO] [1775456389.856379971] [gz_ros2_control]: 	Command:
[ign gazebo-2] [INFO] [1775456389.856385332] [gz_ros2_control]: 		 position
[sim] [ign gazebo-2] [INFO] [1775456389.856403516] [gz_ros2_control]: Loading joint: femur_leg4_joint
[sim] [ign gazebo-2] [INFO] [1775456389.856409578] [gz_ros2_control]: 	State:
[sim] [ign gazebo-2] [INFO] [1775456389.856415008] [gz_ros2_control]: 		 position
[ign gazebo-2] [INFO] [1775456389.856420568] [gz_ros2_control]: 			 found initial value: -0.785000
[sim] [ign gazebo-2] [INFO] [1775456389.856426780] [gz_ros2_control]: 	Command:
[sim] [ign gazebo-2] [INFO] [1775456389.856432040] [gz_ros2_control]: 		 position
[sim] [ign gazebo-2] [INFO] [1775456389.856448121] [gz_ros2_control]: Loading joint: tibia_leg4_joint
[ign gazebo-2] [INFO] [1775456389.856454092] [gz_ros2_control]: 	State:
[ign gazebo-2] [INFO] [1775456389.856459482] [gz_ros2_control]: 		 position
[sim] [ign gazebo-2] [INFO] [1775456389.856464502] [gz_ros2_control]: 			 found initial value: 0.600000
[sim] [ign gazebo-2] [INFO] [1775456389.856470623] [gz_ros2_control]: 	Command:
[ign gazebo-2] [INFO] [1775456389.856476204] [gz_ros2_control]: 		 position
[sim] [ign gazebo-2] [INFO] [1775456389.856489619] [gz_ros2_control]: Loading joint: coxa_leg5_joint
[ign gazebo-2] [INFO] [1775456389.856495501] [gz_ros2_control]: 	State:
[sim] [ign gazebo-2] [INFO] [1775456389.856501261] [gz_ros2_control]: 		 position
[sim] [ign gazebo-2] [INFO] [1775456389.856506311] [gz_ros2_control]: 			 found initial value: 0.000000
[ign gazebo-2] [INFO] [1775456389.856512142] [gz_ros2_control]: 	Command:
[sim] [ign gazebo-2] [INFO] [1775456389.856517542] [gz_ros2_control]: 		 position
[ign gazebo-2] [INFO] [1775456389.856531028] [gz_ros2_control]: Loading joint: femur_leg5_joint
[ign gazebo-2] [INFO] [1775456389.856536899] [gz_ros2_control]: 	State:
[sim] [ign gazebo-2] [INFO] [1775456389.856542430] [gz_ros2_control]: 		 position
[sim] [ign gazebo-2] [INFO] [1775456389.856549924] [gz_ros2_control]: 			 found initial value: -0.785000
[sim] [ign gazebo-2] [INFO] [1775456389.856555835] [gz_ros2_control]: 	Command:
[ign gazebo-2] [INFO] [1775456389.856561265] [gz_ros2_control]: 		 position
[ign gazebo-2] [INFO] [1775456389.856582746] [gz_ros2_control]: Loading joint: tibia_leg5_joint
[sim] [ign gazebo-2] [INFO] [1775456389.856593396] [gz_ros2_control]: 	State:
[sim] [ign gazebo-2] [INFO] [1775456389.856603215] [gz_ros2_control]: 		 position
[ign gazebo-2] [INFO] [1775456389.856608926] [gz_ros2_control]: 			 found initial value: 0.600000
[sim] [ign gazebo-2] [INFO] [1775456389.856615308] [gz_ros2_control]: 	Command:
[sim] [ign gazebo-2] [INFO] [1775456389.856621069] [gz_ros2_control]: 		 position
[ign gazebo-2] [INFO] [1775456389.856642299] [gz_ros2_control]: Loading joint: arm_joint0
[ign gazebo-2] [INFO] [1775456389.856652548] [gz_ros2_control]: 	State:
[sim] [ign gazebo-2] [INFO] [1775456389.856658359] [gz_ros2_control]: 		 position
[sim] [ign gazebo-2] [INFO] [1775456389.856663940] [gz_ros2_control]: 			 found initial value: 0.000000
[ign gazebo-2] [INFO] [1775456389.856674089] [gz_ros2_control]: 	Command:
[sim] [ign gazebo-2] [INFO] [1775456389.856683517] [gz_ros2_control]: 		 position
[ign gazebo-2] [INFO] [1775456389.856704467] [gz_ros2_control]: Loading joint: arm_joint1
[sim] [ign gazebo-2] [INFO] [1775456389.856714947] [gz_ros2_control]: 	State:
[ign gazebo-2] [INFO] [1775456389.856720377] [gz_ros2_control]: 		 position
[sim] [ign gazebo-2] [INFO] [1775456389.856725357] [gz_ros2_control]: 			 found initial value: 0.000000
[sim] [ign gazebo-2] [INFO] [1775456389.856752789] [gz_ros2_control]: 	Command:
[ign gazebo-2] [INFO] [1775456389.856763108] [gz_ros2_control]: 		 position
[sim] [ign gazebo-2] [INFO] [1775456389.856787444] [gz_ros2_control]: Loading joint: arm_joint2
[ign gazebo-2] [INFO] [1775456389.856797804] [gz_ros2_control]: 	State:
[sim] [ign gazebo-2] [INFO] [1775456389.856806821] [gz_ros2_control]: 		 position
[ign gazebo-2] [INFO] [1775456389.856812662] [gz_ros2_control]: 			 found initial value: 0.000000
[sim] [ign gazebo-2] [INFO] [1775456389.856822300] [gz_ros2_control]: 	Command:
[sim] [ign gazebo-2] [INFO] [1775456389.856833201] [gz_ros2_control]: 		 position
[ign gazebo-2] [INFO] [1775456389.856865923] [gz_ros2_control]: Loading joint: arm_joint3
[ign gazebo-2] [INFO] [1775456389.856879168] [gz_ros2_control]: 	State:
[ign gazebo-2] [INFO] [1775456389.856889578] [gz_ros2_control]: 		 position
[ign gazebo-2] [INFO] [1775456389.856898856] [gz_ros2_control]: 			 found initial value: 0.000000
[ign gazebo-2] [INFO] [1775456389.856910007] [gz_ros2_control]: 	Command:
[sim] [ign gazebo-2] [INFO] [1775456389.856919936] [gz_ros2_control]: 		 position
[sim] [ign gazebo-2] [INFO] [1775456389.856945694] [gz_ros2_control]: Loading joint: prop_0
[ign gazebo-2] [INFO] [1775456389.856957487] [gz_ros2_control]: 	State:
[sim] [ign gazebo-2] [INFO] [1775456389.856971083] [gz_ros2_control]: 		 velocity
[sim] [ign gazebo-2] [INFO] [1775456389.856980010] [gz_ros2_control]: 		 position
[sim] [ign gazebo-2] [INFO] [1775456389.856989928] [gz_ros2_control]: 	Command:
[sim] [ign gazebo-2] [INFO] [1775456389.856999857] [gz_ros2_control]: 		 velocity
[sim] [ign gazebo-2] [INFO] [1775456389.857039903] [gz_ros2_control]: Loading joint: prop_1
[sim] [ign gazebo-2] [INFO] [1775456389.857049421] [gz_ros2_control]: 	State:
[ign gazebo-2] [INFO] [1775456389.857055363] [gz_ros2_control]: 		 velocity
[sim] [ign gazebo-2] [INFO] [1775456389.857061153] [gz_ros2_control]: 		 position
[sim] [ign gazebo-2] [INFO] [1775456389.857066263] [gz_ros2_control]: 	Command:
[ign gazebo-2] [INFO] [1775456389.857071533] [gz_ros2_control]: 		 velocity
[sim] [ign gazebo-2] [INFO] [1775456389.857087183] [gz_ros2_control]: Loading joint: prop_2
[ign gazebo-2] [INFO] [1775456389.857093024] [gz_ros2_control]: 	State:
[sim] [ign gazebo-2] [INFO] [1775456389.857098665] [gz_ros2_control]: 		 velocity
[sim] [ign gazebo-2] [INFO] [1775456389.857104355] [gz_ros2_control]: 		 position
[ign gazebo-2] [INFO] [1775456389.857109455] [gz_ros2_control]: 	Command:
[sim] [ign gazebo-2] [INFO] [1775456389.857114415] [gz_ros2_control]: 		 velocity
[sim] [ign gazebo-2] [INFO] [1775456389.857129864] [gz_ros2_control]: Loading joint: prop_3
[sim] [ign gazebo-2] [INFO] [1775456389.857135404] [gz_ros2_control]: 	State:
[ign gazebo-2] [INFO] [1775456389.857140845] [gz_ros2_control]: 		 velocity
[sim] [ign gazebo-2] [INFO] [1775456389.857147016] [gz_ros2_control]: 		 position
[sim] [ign gazebo-2] [INFO] [1775456389.857152286] [gz_ros2_control]: 	Command:
[sim] [ign gazebo-2] [INFO] [1775456389.857157476] [gz_ros2_control]: 		 velocity
[ign gazebo-2] [INFO] [1775456389.857274719] [gz_ros2_control]: Loading sensor: imu_sensor
[sim] [ign gazebo-2] [INFO] [1775456389.857289326] [gz_ros2_control]: 	State:
[ign gazebo-2] [INFO] [1775456389.857375019] [resource_manager]: Initialize hardware 'vx01_hardware' 
[sim] [ign gazebo-2] [WARN] [1775456389.857424483] [gz_ros2_control]: The ign_ros2_control plugin got renamed to gz_ros2_control.
[sim] [ign gazebo-2] Update the <ros2_control> tag and gazebo plugin to
[sim] [ign gazebo-2] <hardware>
[sim] [ign gazebo-2]   <plugin>gz_ros2_control/GazeboSimSystem</plugin>
[sim] [ign gazebo-2] </hardware>
[sim] [ign gazebo-2] <gazebo>
[ign gazebo-2]   <plugin filename="gz_ros2_control-system"name="gz_ros2_control::GazeboSimROS2ControlPlugin">
[sim] [ign gazebo-2]     ...
[sim] [ign gazebo-2]   </plugin>
[ign gazebo-2] </gazebo>
[sim] [ign gazebo-2] [INFO] [1775456389.857481471] [resource_manager]: Successful initialization of hardware 'vx01_hardware'
[ign gazebo-2] [INFO] [1775456389.857560110] [resource_manager]: 'configure' hardware 'vx01_hardware' 
[ign gazebo-2] [INFO] [1775456389.857567464] [gz_ros2_control]: System Successfully configured!
[ign gazebo-2] [INFO] [1775456389.857585899] [resource_manager]: Successful 'configure' of hardware 'vx01_hardware'
[ign gazebo-2] [INFO] [1775456389.857602090] [resource_manager]: 'activate' hardware 'vx01_hardware' 
[sim] [ign gazebo-2] [INFO] [1775456389.857610455] [resource_manager]: Successful 'activate' of hardware 'vx01_hardware'
[ign gazebo-2] [INFO] [1775456389.857620454] [gz_ros2_control]: Loading controller_manager
[sim] [INFO] [spawner-6]: process started with pid [3992]
[sim] [ign gazebo-2] [INFO] [1775456392.524282364] [controller_manager]: Loading controller 'joint_state_broadcaster'
[sim] [spawner-6] [FATAL] [1775456392.545544616] [joint_state_broadcaster_spawner]: [91mFailed loading controller [1mjoint_state_broadcaster[0m
[sim] [ERROR] [spawner-6]: process has died [pid 3992, exit code 1, cmd '/opt/ros/humble/lib/controller_manager/spawner joint_state_broadcaster --controller-manager /controller_manager --controller-manager-timeout 30 --ros-args -r __node:=joint_state_broadcaster_spawner'].
[sim] [INFO] [spawner-7]: process started with pid [4005]
[sim] [ign gazebo-2] [INFO] [1775456392.841796874] [gz_ros2_control]: IMU imu_sensor has a topic name: world/empty/model/vx01/link/base_footprint/sensor/imu_sensor/imu
[sim] [ign gazebo-2] [INFO] [1775456393.039083666] [controller_manager]: Loading controller 'leg_0_controller'
[sim] [ign gazebo-2] [WARN] [1775456393.053173893] [leg_0_controller]: [Deprecated]: "allow_nonzero_velocity_at_trajectory_end" is set to true. The default behavior will change to false.
[sim] [spawner-7] [FATAL] [1775456393.059820020] [leg_0_controller_spawner]: [91mFailed loading controller [1mleg_0_controller[0m
[sim] [ERROR] [spawner-7]: process has died [pid 4005, exit code 1, cmd '/opt/ros/humble/lib/controller_manager/spawner leg_0_controller --controller-manager /controller_manager --controller-manager-timeout 30 --ros-args -r __node:=leg_0_controller_spawner'].
[sim] [INFO] [spawner-8]: process started with pid [4092]
[sim] [spawner-8] [WARN] [1775456393.581617267] [leg_1_controller_spawner]: [93mController already loaded, skipping load_controller[0m
[sim] [spawner-8] [ERROR] [1775456393.585251251] [leg_1_controller_spawner]: [91mFailed to configure controller[0m
[sim] [ERROR] [spawner-8]: process has died [pid 4092, exit code 1, cmd '/opt/ros/humble/lib/controller_manager/spawner leg_1_controller --controller-manager /controller_manager --controller-manager-timeout 30 --ros-args -r __node:=leg_1_controller_spawner'].
[sim] [INFO] [spawner-9]: process started with pid [4104]
[sim] [ign gazebo-2] [INFO] [1775456393.834170505] [controller_manager]: Configuring controller 'leg_1_controller'
[sim] [ign gazebo-2] [ERROR] [1775456393.834349645] [controller_manager]: Could not configure controller with name 'leg_1_controller' because no controller with this name exists
[sim] [ign gazebo-2] [INFO] [1775456394.093841937] [controller_manager]: Loading controller 'leg_2_controller'
[sim] [ign gazebo-2] [WARN] [1775456394.101063305] [leg_2_controller]: [Deprecated]: "allow_nonzero_velocity_at_trajectory_end" is set to true. The default behavior will change to false.
[sim] [spawner-9] [FATAL] [1775456394.122544133] [leg_2_controller_spawner]: [91mFailed loading controller [1mleg_2_controller[0m
[sim] [ERROR] [spawner-9]: process has died [pid 4104, exit code 1, cmd '/opt/ros/humble/lib/controller_manager/spawner leg_2_controller --controller-manager /controller_manager --controller-manager-timeout 30 --ros-args -r __node:=leg_2_controller_spawner'].
[sim] [INFO] [spawner-10]: process started with pid [4117]
[sim] [ign gazebo-2] [INFO] [1775456394.624533511] [controller_manager]: Loading controller 'leg_3_controller'
[sim] [ign gazebo-2] [WARN] [1775456394.632065348] [leg_3_controller]: [Deprecated]: "allow_nonzero_velocity_at_trajectory_end" is set to true. The default behavior will change to false.
[sim] [spawner-10] [FATAL] [1775456394.656483507] [leg_3_controller_spawner]: [91mFailed loading controller [1mleg_3_controller[0m
[sim] [ERROR] [spawner-10]: process has died [pid 4117, exit code 1, cmd '/opt/ros/humble/lib/controller_manager/spawner leg_3_controller --controller-manager /controller_manager --controller-manager-timeout 30 --ros-args -r __node:=leg_3_controller_spawner'].
[sim] [INFO] [spawner-11]: process started with pid [4130]
[sim] [spawner-11] [WARN] [1775456395.185522779] [leg_4_controller_spawner]: [93mController already loaded, skipping load_controller[0m
[sim] [ign gazebo-2] [INFO] [1775456395.187169052] [controller_manager]: Configuring controller 'leg_4_controller'
[sim] [ign gazebo-2] [ERROR] [1775456395.187245146] [controller_manager]: Could not configure controller with name 'leg_4_controller' because no controller with this name exists
[sim] [spawner-11] [ERROR] [1775456395.188769989] [leg_4_controller_spawner]: [91mFailed to configure controller[0m
[sim] [ERROR] [spawner-11]: process has died [pid 4130, exit code 1, cmd '/opt/ros/humble/lib/controller_manager/spawner leg_4_controller --controller-manager /controller_manager --controller-manager-timeout 30 --ros-args -r __node:=leg_4_controller_spawner'].
[sim] [INFO] [spawner-12]: process started with pid [4142]
[sim] [ign gazebo-2] [INFO] [1775456395.771067320] [controller_manager]: Loading controller 'leg_5_controller'
[sim] [ign gazebo-2] [WARN] [1775456395.777743063] [leg_5_controller]: [Deprecated]: "allow_nonzero_velocity_at_trajectory_end" is set to true. The default behavior will change to false.
[sim] [spawner-12] [FATAL] [1775456395.797381566] [leg_5_controller_spawner]: [91mFailed loading controller [1mleg_5_controller[0m
[sim] [ERROR] [spawner-12]: process has died [pid 4142, exit code 1, cmd '/opt/ros/humble/lib/controller_manager/spawner leg_5_controller --controller-manager /controller_manager --controller-manager-timeout 30 --ros-args -r __node:=leg_5_controller_spawner'].
[sim] [INFO] [spawner-13]: process started with pid [4155]
[sim] [ign gazebo-2] [INFO] [1775456396.315245766] [controller_manager]: Loading controller 'drone_arm_controller'
[sim] [spawner-13] [FATAL] [1775456396.338543580] [drone_arm_controller_spawner]: [91mFailed loading controller [1mdrone_arm_controller[0m
[sim] [ERROR] [spawner-13]: process has died [pid 4155, exit code 1, cmd '/opt/ros/humble/lib/controller_manager/spawner drone_arm_controller --controller-manager /controller_manager --controller-manager-timeout 30 --ros-args -r __node:=drone_arm_controller_spawner'].
[sim] [INFO] [mavros_node-14]: process started with pid [4168]
[sim] [INFO] [mode_manager_node-15]: process started with pid [4170]
[INFO] [aerial_controller_node-16]: process started with pid [4172]
[INFO] [web_video_server-17]: process started with pid [4174]
[sim] [mavros_node-14] [INFO] [1775456402.292351059] [mavros_node]: Starting mavros_node container
[mavros_node-14] [INFO] [1775456402.292520400] [mavros_node]: FCU URL: tcp://127.0.0.1:5760
[mavros_node-14] [INFO] [1775456402.292544466] [mavros_node]: GCS URL: 
[mavros_node-14] [INFO] [1775456402.292558733] [mavros_node]: UAS Prefix: /uas1
[mavros_node-14] [INFO] [1775456402.292569303] [mavros_node]: Starting mavros router node
[mode_manager_node-15] [INFO] [1775456402.293807462] [mode_manager_node]: VX-01 Mode Manager Initialized.
[sim] [web_video_server-17] [INFO] [1775456402.296437781] [web_video_server]: Loading streamer plugin: web_video_server/stream/h264
[sim] [aerial_controller_node-16] [INFO] [1775456402.297556213] [aerial_controller_node]: AerialController ready. Publish geometry_msgs/Twist to /drone/cmd_vel for flight. Publish std_msgs/Bool to /drone/arm to arm (true) or disarm (false).
[sim] [mavros_node-14] [INFO] [1775456402.303202424] [mavros_router]: Built-in SIMD instructions: SSE, SSE2
[sim] [mavros_node-14] [INFO] [1775456402.303266265] [mavros_router]: Built-in MAVLink package version: 2026.3.3
[mavros_node-14] [INFO] [1775456402.303314547] [mavros_router]: Known MAVLink dialects: common ardupilotmega ASLUAV AVSSUAS all csAirLink cubepilot development icarous loweheiser marsh matrixpilot paparazzi standard stemstudios storm32 uAvionix ualberta
[mavros_node-14] [INFO] [1775456402.303326770] [mavros_router]: MAVROS Router started
[sim] [mavros_node-14] [INFO] [1775456402.303599377] [mavros_node]: Starting mavros uas node
[sim] [mavros_node-14] [WARN] [1775456402.347821416] [mavros]: diagnostic_updater: No HW_ID was set. This is probably a bug. Please report it. For devices that do not have a HW_ID, set this value to 'none'. This warning only occurs once all diagnostics are OK. It is okay to wait until the device is open before calling setHardwareID.
[sim] [mavros_node-14] [INFO] [1775456402.348006667] [mavros_router]: Requested to add endpoint: type: 0, url: tcp://127.0.0.1:5760
[mavros_node-14] [INFO] [1775456402.348101096] [mavros_router]: Endpoint link[1000] created
[sim] [arducopter-4] Connection on serial port 5760
[sim] [mavros_node-14] [INFO] [1775456402.349019088] [mavros_router]: link[1000] opened successfully
[mavros_node-14] [INFO] [1775456402.349063692] [mavros_router]: Requested to add endpoint: type: 2, url: /uas1
[sim] [mavros_node-14] [INFO] [1775456402.349090673] [mavros_router]: Endpoint link[1001] created
[mavros_node-14] [INFO] [1775456402.350139984] [mavros_router]: link[1001] opened successfully
[sim] [mavros_node-14] [INFO] [1775456402.357756603] [mavros]: UAS Executor started, threads: 16
[sim] [arducopter-4] Loaded defaults from /ardupilot/Tools/autotest/default_params/copter.parm,/ardupilot/Tools/autotest/default_params/gazebo-iris.parm,/vx01_ws/src/vx01_bringup/config/ardupilot_sim_bypass.parm
[arducopter-4] Home: -35.363262 149.165237 alt=584.000000m hdg=353.000000
[sim] [mavros_node-14] [INFO] [1775456402.375430610] [mavros]: Plugin actuator_control created
[mavros_node-14] [INFO] [1775456402.375536391] [mavros]: Plugin actuator_control initialized
[sim] [mavros_node-14] [INFO] [1775456402.397100548] [mavros]: Plugin adsb created
[mavros_node-14] [INFO] [1775456402.397205176] [mavros]: Plugin adsb initialized
[sim] [mavros_node-14] [INFO] [1775456402.404419341] [mavros]: Plugin altitude created
[mavros_node-14] [INFO] [1775456402.404491167] [mavros]: Plugin altitude initialized
[sim] [mavros_node-14] [INFO] [1775456402.409298968] [mavros]: Plugin cam_imu_sync created
[mavros_node-14] [INFO] [1775456402.409373098] [mavros]: Plugin cam_imu_sync initialized
[sim] [mavros_node-14] [INFO] [1775456402.414068516] [mavros]: Plugin camera created
[mavros_node-14] [INFO] [1775456402.414160580] [mavros]: Plugin camera initialized
[sim] [mavros_node-14] [INFO] [1775456402.419237221] [mavros]: Plugin cellular_status created
[sim] [mavros_node-14] [INFO] [1775456402.419323284] [mavros]: Plugin cellular_status initialized
[sim] [mavros_node-14] [INFO] [1775456402.430622288] [mavros]: Plugin command created
[mavros_node-14] [INFO] [1775456402.430708602] [mavros]: Plugin command initialized
[sim] [mavros_node-14] [INFO] [1775456402.436449402] [mavros]: Plugin companion_process_status created
[sim] [mavros_node-14] [INFO] [1775456402.436520958] [mavros]: Plugin companion_process_status initialized
[sim] [web_video_server-17] [INFO] [1775456402.437853746] [web_video_server]: Loading streamer plugin: web_video_server/stream/mjpeg
[sim] [web_video_server-17] [INFO] [1775456402.437923969] [web_video_server]: Loading streamer plugin: web_video_server/stream/png
[sim] [web_video_server-17] [INFO] [1775456402.437953966] [web_video_server]: Loading streamer plugin: web_video_server/stream/ros_compressed
[sim] [web_video_server-17] [INFO] [1775456402.437975246] [web_video_server]: Loading streamer plugin: web_video_server/stream/vp8
[sim] [web_video_server-17] [INFO] [1775456402.437993441] [web_video_server]: Loading streamer plugin: web_video_server/stream/vp9
[sim] [web_video_server-17] [INFO] [1775456402.438012517] [web_video_server]: Loading streamer plugin: web_video_server/snapshot/jpeg
[sim] [web_video_server-17] [INFO] [1775456402.438226032] [web_video_server]: Loading streamer plugin: web_video_server/snapshot/png
[web_video_server-17] [INFO] [1775456402.438252182] [web_video_server]: Loading streamer plugin: web_video_server/snapshot/ros_compressed
[sim] [web_video_server-17] [INFO] [1775456402.438435590] [web_video_server]: Waiting For connections on 0.0.0.0:8080
[sim] [mavros_node-14] [INFO] [1775456402.443830003] [mavros]: Plugin debug_value created
[sim] [mavros_node-14] [INFO] [1775456402.443907810] [mavros]: Plugin debug_value initialized
[sim] [mavros_node-14] [INFO] [1775456402.449876683] [mavros.distance_sensor]: DS: Plugin not configured!
[sim] [mavros_node-14] [INFO] [1775456402.450102131] [mavros]: Plugin distance_sensor created
[mavros_node-14] [INFO] [1775456402.450154110] [mavros]: Plugin distance_sensor initialized
[sim] [mavros_node-14] [INFO] [1775456402.456467626] [mavros]: Plugin esc_status created
[mavros_node-14] [INFO] [1775456402.456540515] [mavros]: Plugin esc_status initialized
[sim] [mavros_node-14] [INFO] [1775456402.463479127] [mavros]: Plugin esc_telemetry created
[mavros_node-14] [INFO] [1775456402.463563557] [mavros]: Plugin esc_telemetry initialized
[sim] [mavros_node-14] [INFO] [1775456402.472674440] [mavros]: Plugin fake_gps created
[mavros_node-14] [INFO] [1775456402.472768659] [mavros]: Plugin fake_gps initialized
[mavros_node-14] [INFO] [1775456402.472786944] [mavros]: Plugin ftp ignored
[sim] [mavros_node-14] [INFO] [1775456402.481156862] [mavros]: Plugin geofence created
[mavros_node-14] [INFO] [1775456402.481233497] [mavros]: Plugin geofence initialized
[sim] [mavros_node-14] [INFO] [1775456402.491211725] [mavros]: Plugin gimbal_control created
[sim] [mavros_node-14] [INFO] [1775456402.491310262] [mavros]: Plugin gimbal_control initialized
[sim] [mavros_node-14] [INFO] [1775456402.502751366] [mavros]: Plugin global_position created
[mavros_node-14] [INFO] [1775456402.502856325] [mavros]: Plugin global_position initialized
[sim] [mavros_node-14] [INFO] [1775456402.509690800] [mavros]: Plugin gps_input created
[sim] [mavros_node-14] [INFO] [1775456402.509777715] [mavros]: Plugin gps_input initialized
[sim] [mavros_node-14] [INFO] [1775456402.517702789] [mavros]: Plugin gps_rtk created
[mavros_node-14] [INFO] [1775456402.517788511] [mavros]: Plugin gps_rtk initialized
[sim] [mavros_node-14] [INFO] [1775456402.525104980] [mavros]: Plugin gps_status created
[sim] [mavros_node-14] [INFO] [1775456402.525195863] [mavros]: Plugin gps_status initialized
[sim] [mavros_node-14] [INFO] [1775456402.532176145] [mavros]: Plugin guided_target created
[mavros_node-14] [INFO] [1775456402.532246688] [mavros]: Plugin guided_target initialized
[sim] [mavros_node-14] [INFO] [1775456402.540509523] [mavros]: Plugin hil created
[sim] [mavros_node-14] [INFO] [1775456402.540585477] [mavros]: Plugin hil initialized
[sim] [mavros_node-14] [INFO] [1775456402.547754336] [mavros]: Plugin home_position created
[mavros_node-14] [INFO] [1775456402.547846190] [mavros]: Plugin home_position initialized
[sim] [mavros_node-14] [INFO] [1775456402.557399252] [mavros]: Plugin imu created
[mavros_node-14] [INFO] [1775456402.557544177] [mavros]: Plugin imu initialized
[sim] [mavros_node-14] [INFO] [1775456402.569052989] [mavros]: Plugin landing_target created
[sim] [mavros_node-14] [INFO] [1775456402.569161976] [mavros]: Plugin landing_target initialized
[sim] [mavros_node-14] [INFO] [1775456402.582659060] [mavros]: Plugin local_position created
[mavros_node-14] [INFO] [1775456402.582756845] [mavros]: Plugin local_position initialized
[sim] [mavros_node-14] [INFO] [1775456402.593074127] [mavros]: Plugin log_transfer created
[mavros_node-14] [INFO] [1775456402.593156664] [mavros]: Plugin log_transfer initialized
[sim] [mavros_node-14] [INFO] [1775456402.602054042] [mavros]: Plugin mag_calibration_status created
[mavros_node-14] [INFO] [1775456402.602200099] [mavros]: Plugin mag_calibration_status initialized
[sim] [mavros_node-14] [INFO] [1775456402.611293920] [mavros]: Plugin manual_control created
[mavros_node-14] [INFO] [1775456402.611414038] [mavros]: Plugin manual_control initialized
[sim] [mavros_node-14] [INFO] [1775456402.619695277] [mavros]: Plugin mocap_pose_estimate created
[sim] [mavros_node-14] [INFO] [1775456402.619846735] [mavros]: Plugin mocap_pose_estimate initialized
[sim] [mavros_node-14] [INFO] [1775456402.629931445] [mavros]: Plugin mount_control created
[mavros_node-14] [INFO] [1775456402.630044039] [mavros]: Plugin mount_control initialized
[sim] [mavros_node-14] [INFO] [1775456402.637743885] [mavros]: Plugin nav_controller_output created
[mavros_node-14] [INFO] [1775456402.637830079] [mavros]: Plugin nav_controller_output initialized
[sim] [mavros_node-14] [INFO] [1775456402.644750918] [mavros]: Plugin obstacle_distance created
[mavros_node-14] [INFO] [1775456402.644842792] [mavros]: Plugin obstacle_distance initialized
[sim] [mavros_node-14] [INFO] [1775456402.653741212] [mavros]: Plugin obstacle_distance_3d created
[sim] [mavros_node-14] [INFO] [1775456402.653916985] [mavros]: Plugin obstacle_distance_3d initialized
[sim] [mavros_node-14] [INFO] [1775456402.663411857] [mavros]: Plugin odometry created
[mavros_node-14] [INFO] [1775456402.663507468] [mavros]: Plugin odometry initialized
[sim] [mavros_node-14] [INFO] [1775456402.671683899] [mavros]: Plugin onboard_computer_status created
[mavros_node-14] [INFO] [1775456402.671746969] [mavros]: Plugin onboard_computer_status initialized
[sim] [mavros_node-14] [INFO] [1775456402.681647941] [mavros]: Plugin open_drone_id created
[mavros_node-14] [INFO] [1775456402.681729325] [mavros]: Plugin open_drone_id initialized
[sim] [mavros_node-14] [INFO] [1775456402.690630150] [mavros]: Plugin optical_flow created
[mavros_node-14] [INFO] [1775456402.690724639] [mavros]: Plugin optical_flow initialized
[sim] [mavros_node-14] [INFO] [1775456402.699407531] [mavros]: Plugin param created
[sim] [mavros_node-14] [INFO] [1775456402.699574928] [mavros]: Plugin param initialized
[sim] [mavros_node-14] [INFO] [1775456402.707194462] [mavros]: Plugin play_tune created
[mavros_node-14] [INFO] [1775456402.707316103] [mavros]: Plugin play_tune initialized
[sim] [mavros_node-14] [INFO] [1775456402.717478591] [mavros]: Plugin px4flow created
[mavros_node-14] [INFO] [1775456402.717583460] [mavros]: Plugin px4flow initialized
[sim] [mavros_node-14] [INFO] [1775456402.728993595] [mavros]: Plugin rallypoint created
[sim] [mavros_node-14] [INFO] [1775456402.729115416] [mavros]: Plugin rallypoint initialized
[sim] [mavros_node-14] [INFO] [1775456402.737296696] [mavros]: Plugin rangefinder created
[sim] [mavros_node-14] [INFO] [1775456402.737501013] [mavros]: Plugin rangefinder initialized
[sim] [mavros_node-14] [INFO] [1775456402.747549756] [mavros]: Plugin rc_io created
[sim] [mavros_node-14] [INFO] [1775456402.747740908] [mavros]: Plugin rc_io initialized
[sim] [mavros_node-14] [INFO] [1775456402.758162268] [mavros]: Plugin setpoint_accel created
[sim] [mavros_node-14] [INFO] [1775456402.758375332] [mavros]: Plugin setpoint_accel initialized
[sim] [mavros_node-14] [INFO] [1775456402.767094782] [mavros]: Plugin setpoint_attitude created
[mavros_node-14] [INFO] [1775456402.767169785] [mavros]: Plugin setpoint_attitude initialized
[sim] [mavros_node-14] [INFO] [1775456402.778957706] [mavros]: Plugin setpoint_position created
[mavros_node-14] [INFO] [1775456402.779086260] [mavros]: Plugin setpoint_position initialized
[sim] [mavros_node-14] [INFO] [1775456402.788996480] [mavros]: Plugin setpoint_raw created
[mavros_node-14] [INFO] [1775456402.789107941] [mavros]: Plugin setpoint_raw initialized
[sim] [arducopter-4] 
[arducopter-4] JSON received:
[sim] [arducopter-4] 	timestamp
[sim] [arducopter-4] 	imu: gyro
[arducopter-4] 	imu: accel_body
[arducopter-4] 	position
[arducopter-4] 	quaternion
[arducopter-4] 	velocity
[arducopter-4] 
[mavros_node-14] [INFO] [1775456402.801593827] [mavros]: Plugin setpoint_trajectory created
[mavros_node-14] [INFO] [1775456402.801726128] [mavros]: Plugin setpoint_trajectory initialized
[sim] [arducopter-4] bind port 5762 for SERIAL1
[sim] [arducopter-4] SERIAL1 on TCP port 5762
[arducopter-4] bind port 5763 for SERIAL2
[arducopter-4] SERIAL2 on TCP port 5763
[sim] [mavros_node-14] [INFO] [1775456402.812852815] [mavros]: Plugin setpoint_velocity created
[sim] [mavros_node-14] [INFO] [1775456402.812978614] [mavros]: Plugin setpoint_velocity initialized
[sim] [mavros_node-14] [INFO] [1775456402.823158294] [mavros]: Plugin sim_state created
[mavros_node-14] [INFO] [1775456402.823259176] [mavros]: Plugin sim_state initialized
[sim] [mavros_node-14] [INFO] [1775456402.838801640] [mavros]: Plugin sys_status created
[sim] [mavros_node-14] [INFO] [1775456402.838933420] [mavros]: Plugin sys_status initialized
[sim] [mavros_node-14] [INFO] [1775456402.850318707] [mavros.time]: TM: Timesync mode: MAVLINK
[sim] [mavros_node-14] [INFO] [1775456402.853342894] [mavros]: Plugin sys_time created
[mavros_node-14] [INFO] [1775456402.853465216] [mavros]: Plugin sys_time initialized
[sim] [mavros_node-14] [INFO] [1775456402.865554740] [mavros]: Plugin tdr_radio created
[mavros_node-14] [INFO] [1775456402.865646544] [mavros]: Plugin tdr_radio initialized
[sim] [mavros_node-14] [INFO] [1775456402.877049054] [mavros]: Plugin terrain created
[mavros_node-14] [INFO] [1775456402.877152691] [mavros]: Plugin terrain initialized
[sim] [mavros_node-14] [INFO] [1775456402.889764465] [mavros]: Plugin trajectory created
[mavros_node-14] [INFO] [1775456402.889878271] [mavros]: Plugin trajectory initialized
[sim] [mavros_node-14] [INFO] [1775456402.901327350] [mavros]: Plugin tunnel created
[mavros_node-14] [INFO] [1775456402.901421960] [mavros]: Plugin tunnel initialized
[sim] [mavros_node-14] [INFO] [1775456402.910898847] [mavros]: Plugin vfr_hud created
[sim] [mavros_node-14] [INFO] [1775456402.910990020] [mavros]: Plugin vfr_hud initialized
[sim] [mavros_node-14] [INFO] [1775456402.920673309] [mavros]: Plugin vibration created
[mavros_node-14] [INFO] [1775456402.920825127] [mavros]: Plugin vibration initialized
[sim] [mavros_node-14] [INFO] [1775456402.932391088] [mavros]: Plugin vision_pose created
[mavros_node-14] [INFO] [1775456402.932501026] [mavros]: Plugin vision_pose initialized
[sim] [mavros_node-14] [INFO] [1775456402.943267630] [mavros]: Plugin vision_speed created
[mavros_node-14] [INFO] [1775456402.943552972] [mavros]: Plugin vision_speed initialized
[sim] [mavros_node-14] [INFO] [1775456402.956390885] [mavros]: Plugin waypoint created
[sim] [mavros_node-14] [INFO] [1775456402.956861768] [mavros]: Plugin waypoint initialized
[sim] [mavros_node-14] [INFO] [1775456402.968868605] [mavros]: Plugin wheel_odometry created
[mavros_node-14] [INFO] [1775456402.968979536] [mavros]: Plugin wheel_odometry initialized
[sim] [mavros_node-14] [INFO] [1775456402.977684980] [mavros]: Plugin wind_estimation created
[sim] [mavros_node-14] [INFO] [1775456402.978070751] [mavros]: Plugin wind_estimation initialized
[sim] [mavros_node-14] [INFO] [1775456402.979475546] [mavros]: Built-in SIMD instructions: SSE, SSE2
[sim] [mavros_node-14] [INFO] [1775456402.979509230] [mavros]: Built-in MAVLink package version: 2026.3.3
[mavros_node-14] [INFO] [1775456402.979518428] [mavros]: Known MAVLink dialects: common ardupilotmega ASLUAV AVSSUAS all csAirLink cubepilot development icarous loweheiser marsh matrixpilot paparazzi standard stemstudios storm32 uAvionix ualberta
[mavros_node-14] [INFO] [1775456402.979526172] [mavros]: MAVROS UAS via /uas1 started. MY ID 1.191, TARGET ID 1.1
[sim] [mavros_node-14] [INFO] [1775456403.832337694] [mavros_router]: link[1001] detected remote address 1.191
[sim] [mavros_node-14] [WARN] [1775456404.846513522] [mavros.sys]: VER: broadcast request timeout, retries left 4
[sim] [mavros_node-14] [WARN] [1775456405.845646554] [mavros.sys]: VER: broadcast request timeout, retries left 3
[sim] [mavros_node-14] [WARN] [1775456406.846749152] [mavros.sys]: VER: unicast request timeout, retries left 2
[sim] [arducopter-4] validate_structures:513: Validating structures
[sim] [arducopter-4] Loaded defaults from /ardupilot/Tools/autotest/default_params/copter.parm,/ardupilot/Tools/autotest/default_params/gazebo-iris.parm,/vx01_ws/src/vx01_bringup/config/ardupilot_sim_bypass.parm
[sim] [mavros_node-14] [WARN] [1775456407.846710445] [mavros.sys]: VER: unicast request timeout, retries left 1
[sim] [mavros_node-14] [INFO] [1775456407.966659212] [mavros_router]: link[1000] detected remote address 1.1
[sim] [mavros_node-14] [WARN] [1775456407.966861035] [mavros.cmd]: CMD: Unexpected command 520, result 0
[sim] [mavros_node-14] [INFO] [1775456407.967120176] [mavros]: CON: Got HEARTBEAT, connected. FCU: ArduPilot
[mavros_node-14] [INFO] [1775456407.967254421] [mavros.mission]: WP: detected enable_partial_push: 1
[sim] [mavros_node-14] [INFO] [1775456407.967472605] [mavros.geofence]: GF: Using MISSION_ITEM_INT
[mavros_node-14] [INFO] [1775456407.967521628] [mavros.rallypoint]: RP: Using MISSION_ITEM_INT
[sim] [mavros_node-14] [INFO] [1775456407.967552066] [mavros.mission]: WP: Using MISSION_ITEM_INT
[mavros_node-14] [INFO] [1775456407.967565321] [mavros.sys]: VER: 1.1: Capabilities         0x000000000000fbef
[mavros_node-14] [INFO] [1775456407.967580960] [mavros.sys]: VER: 1.1: Flight software:     040507ff (b7207551)
[sim] [mavros_node-14] [INFO] [1775456407.967589336] [mavros.sys]: VER: 1.1: Middleware software: 00000000 (        )
[mavros_node-14] [INFO] [1775456407.967597642] [mavros.sys]: VER: 1.1: OS software:         00000000 (        )
[mavros_node-14] [INFO] [1775456407.967605367] [mavros.sys]: VER: 1.1: Board hardware:      00000000
[mavros_node-14] [INFO] [1775456407.967612831] [mavros.sys]: VER: 1.1: VID/PID:             0000:0000
[sim] [mavros_node-14] [INFO] [1775456407.967619804] [mavros.sys]: VER: 1.1: UID:                 0000000000000000
[sim] [mavros_node-14] [WARN] [1775456414.406801574] [mavros.param]: PR: Param COMPASS_DEV_ID (65535/1422): 97539 different index: 65535/1424
[sim] [mavros_node-14] [WARN] [1775456414.407968558] [mavros.param]: PR: Param COMPASS_DEV_ID2 (65535/1422): 131874 different index: 65535/1424
[mavros_node-14] [WARN] [1775456414.408236095] [mavros.param]: PR: Param COMPASS_DEV_ID3 (65535/1422): 263178 different index: 65535/1424
[sim] [mavros_node-14] [INFO] [1775456415.042279713] [mavros.sys]: VER: 1.1: Capabilities         0x000000000000fbef
[mavros_node-14] [INFO] [1775456415.042367950] [mavros.sys]: VER: 1.1: Flight software:     040507ff (b7207551)
[mavros_node-14] [INFO] [1775456415.042387127] [mavros.sys]: VER: 1.1: Middleware software: 00000000 (        )
[mavros_node-14] [INFO] [1775456415.042407796] [mavros.sys]: VER: 1.1: OS software:         00000000 (        )
[mavros_node-14] [INFO] [1775456415.042417394] [mavros.sys]: VER: 1.1: Board hardware:      00000000
[sim] [mavros_node-14] [INFO] [1775456415.042426531] [mavros.sys]: VER: 1.1: VID/PID:             0000:0000
[mavros_node-14] [INFO] [1775456415.042456839] [mavros.sys]: VER: 1.1: UID:                 0000000000000000
[sim] [mavros_node-14] [INFO] [1775456417.967599858] [mavros.home_position]: HP: requesting home position
[sim] [mavros_node-14] [WARN] [1775456417.967646096] [mavros]: CON: Lost connection, HEARTBEAT timed out.
[sim] [mavros_node-14] [WARN] [1775456418.968698004] [mavros.param]: PR: request list timeout, retries left 2
[sim] [mavros_node-14] [WARN] [1775456419.969178668] [mavros.param]: PR: request list timeout, retries left 1
[sim] [mavros_node-14] [WARN] [1775456420.969636909] [mavros.param]: PR: request list timeout, retries left 0
[sim] [mavros_node-14] [INFO] [1775456422.009897121] [mavros.sys]: FCU: ArduCopter V4.5.7 (b7207551)
[sim] [mavros_node-14] [INFO] [1775456422.010056503] [mavros.sys]: FCU: b623b2c8b384455c808f2b675edab5d3
[sim] [mavros_node-14] [INFO] [1775456422.010137587] [mavros.sys]: FCU: Frame: QUAD/X
[mavros_node-14] [INFO] [1775456422.010234962] [mavros.sys]: FCU: ArduCopter V4.5.7 (b7207551)
[mavros_node-14] [INFO] [1775456422.010331094] [mavros.sys]: FCU: b623b2c8b384455c808f2b675edab5d3
[sim] [mavros_node-14] [INFO] [1775456422.010792269] [mavros.sys]: FCU: Frame: QUAD/X
[sim] [mavros_node-14] [INFO] [1775456422.010865408] [mavros.sys]: FCU: ArduCopter V4.5.7 (b7207551)
[mavros_node-14] [INFO] [1775456422.010934549] [mavros.sys]: FCU: b623b2c8b384455c808f2b675edab5d3
[sim] [mavros_node-14] [INFO] [1775456422.010993792] [mavros.sys]: FCU: Frame: QUAD/X
[mavros_node-14] [INFO] [1775456422.011074976] [mavros.sys]: FCU: ArduCopter V4.5.7 (b7207551)
[sim] [mavros_node-14] [INFO] [1775456422.011139999] [mavros.sys]: FCU: b623b2c8b384455c808f2b675edab5d3
[sim] [mavros_node-14] [INFO] [1775456422.011209681] [mavros.sys]: FCU: Frame: QUAD/X
[sim] [mavros_node-14] [WARN] [1775456444.074032971] [mavros.param]: PR: request param #221 timeout, retries left 2, and 1203 params still missing
[sim] [mavros_node-14] [WARN] [1775456445.074413287] [mavros.param]: PR: request param #221 timeout, retries left 1, and 1203 params still missing
[sim] [mavros_node-14] [WARN] [1775456446.074710995] [mavros.param]: PR: request param #221 timeout, retries left 0, and 1203 params still missing
[sim] [mavros_node-14] [ERROR] [1775456447.075043509] [mavros.param]: PR: request param #221 completely missing.
[sim] [mavros_node-14] [WARN] [1775456447.075200527] [mavros.param]: PR: 1202 params still missing, trying to request next: #222
[sim] [mavros_node-14] [INFO] [1775456447.791907825] [mavros.sys]: FCU: Calibrating barometer
[sim] [mavros_node-14] [INFO] [1775456447.792712873] [mavros.param]: PR: got an unsolicited param value idx=65535, not resetting retries count 3
[sim] [mavros_node-14] [INFO] [1775456447.793791229] [mavros.param]: PR: got an unsolicited param value idx=65535, not resetting retries count 3
[sim] [mavros_node-14] [INFO] [1775456447.794223960] [mavros.param]: PR: got an unsolicited param value idx=65535, not resetting retries count 3
[sim] [mavros_node-14] [WARN] [1775456448.794432503] [mavros.param]: PR: request param #222 timeout, retries left 2, and 1202 params still missing
[sim] [mavros_node-14] [WARN] [1775456449.794784709] [mavros.param]: PR: request param #222 timeout, retries left 1, and 1202 params still missing
[sim] [mavros_node-14] [WARN] [1775456450.795056630] [mavros.param]: PR: request param #222 timeout, retries left 0, and 1202 params still missing
[sim] [mavros_node-14] [ERROR] [1775456451.795521728] [mavros.param]: PR: request param #222 completely missing.
[sim] [mavros_node-14] [WARN] [1775456451.795818611] [mavros.param]: PR: 1201 params still missing, trying to request next: #223
[sim] [mavros_node-14] [WARN] [1775456452.795983257] [mavros.param]: PR: request param #223 timeout, retries left 2, and 1201 params still missing
[sim] [mavros_node-14] [WARN] [1775456453.796434085] [mavros.param]: PR: request param #223 timeout, retries left 1, and 1201 params still missing
[sim] [mavros_node-14] [WARN] [1775456454.796779833] [mavros.param]: PR: request param #223 timeout, retries left 0, and 1201 params still missing
[sim] [mavros_node-14] [ERROR] [1775456455.798822148] [mavros.param]: PR: request param #223 completely missing.
[sim] [mavros_node-14] [WARN] [1775456455.798955311] [mavros.param]: PR: 1200 params still missing, trying to request next: #224
[sim] [mavros_node-14] [WARN] [1775456456.799242816] [mavros.param]: PR: request param #224 timeout, retries left 2, and 1200 params still missing
[sim] [mavros_node-14] [WARN] [1775456457.799660316] [mavros.param]: PR: request param #224 timeout, retries left 1, and 1200 params still missing
[sim] [mavros_node-14] [WARN] [1775456458.800103924] [mavros.param]: PR: request param #224 timeout, retries left 0, and 1200 params still missing
[sim] [mavros_node-14] [ERROR] [1775456459.800605792] [mavros.param]: PR: request param #224 completely missing.
[sim] [mavros_node-14] [WARN] [1775456459.800751028] [mavros.param]: PR: 1199 params still missing, trying to request next: #225
[sim] [mavros_node-14] [WARN] [1775456460.801220673] [mavros.param]: PR: request param #225 timeout, retries left 2, and 1199 params still missing
[sim] [mavros_node-14] [WARN] [1775456461.801980298] [mavros.param]: PR: request param #225 timeout, retries left 1, and 1199 params still missing
[sim] [mavros_node-14] [WARN] [1775456462.802663346] [mavros.param]: PR: request param #225 timeout, retries left 0, and 1199 params still missing
[sim] [mavros_node-14] [ERROR] [1775456463.803161692] [mavros.param]: PR: request param #225 completely missing.
[sim] [mavros_node-14] [WARN] [1775456463.803311516] [mavros.param]: PR: 1198 params still missing, trying to request next: #226
[sim] [mavros_node-14] [WARN] [1775456464.803718337] [mavros.param]: PR: request param #226 timeout, retries left 2, and 1198 params still missing
[sim] [mavros_node-14] [WARN] [1775456465.804165354] [mavros.param]: PR: request param #226 timeout, retries left 1, and 1198 params still missing
[sim] [mavros_node-14] [WARN] [1775456466.806684160] [mavros.param]: PR: request param #226 timeout, retries left 0, and 1198 params still missing
[sim] [mavros_node-14] [ERROR] [1775456467.807004142] [mavros.param]: PR: request param #226 completely missing.
[sim] [mavros_node-14] [WARN] [1775456467.807129290] [mavros.param]: PR: 1197 params still missing, trying to request next: #227
[sim] [mavros_node-14] [WARN] [1775456468.807418001] [mavros.param]: PR: request param #227 timeout, retries left 2, and 1197 params still missing
[sim] [mavros_node-14] [WARN] [1775456469.807722882] [mavros.param]: PR: request param #227 timeout, retries left 1, and 1197 params still missing
[sim] [mavros_node-14] [WARN] [1775456470.808072377] [mavros.param]: PR: request param #227 timeout, retries left 0, and 1197 params still missing
[sim] [mavros_node-14] [ERROR] [1775456471.808432059] [mavros.param]: PR: request param #227 completely missing.
[sim] [mavros_node-14] [WARN] [1775456471.808586442] [mavros.param]: PR: 1196 params still missing, trying to request next: #228
[sim] [mavros_node-14] [WARN] [1775456472.808878775] [mavros.param]: PR: request param #228 timeout, retries left 2, and 1196 params still missing
[sim] [mavros_node-14] [WARN] [1775456473.809289922] [mavros.param]: PR: request param #228 timeout, retries left 1, and 1196 params still missing
[sim] [mavros_node-14] [WARN] [1775456474.809735252] [mavros.param]: PR: request param #228 timeout, retries left 0, and 1196 params still missing
[sim] [mavros_node-14] [ERROR] [1775456475.810204947] [mavros.param]: PR: request param #228 completely missing.
[sim] [mavros_node-14] [WARN] [1775456475.810369850] [mavros.param]: PR: 1195 params still missing, trying to request next: #229
[sim] [mavros_node-14] [WARN] [1775456476.811157868] [mavros.param]: PR: request param #229 timeout, retries left 2, and 1195 params still missing
[sim] [mavros_node-14] [WARN] [1775456477.811933070] [mavros.param]: PR: request param #229 timeout, retries left 1, and 1195 params still missing
[sim] [mavros_node-14] [WARN] [1775456478.812444730] [mavros.param]: PR: request param #229 timeout, retries left 0, and 1195 params still missing
[sim] [mavros_node-14] [INFO] [1775456479.528008837] [mavros.param]: PR: got an unsolicited param value idx=221, not resetting retries count 0
[sim] [mavros_node-14] [INFO] [1775456479.528632100] [mavros.param]: PR: got an unsolicited param value idx=221, not resetting retries count 0
[sim] [mavros_node-14] [INFO] [1775456479.529277404] [mavros.param]: PR: got an unsolicited param value idx=221, not resetting retries count 0
[sim] [mavros_node-14] [INFO] [1775456479.529884757] [mavros.param]: PR: got an unsolicited param value idx=222, not resetting retries count 0
[sim] [mavros_node-14] [INFO] [1775456479.531285746] [mavros.param]: PR: got an unsolicited param value idx=222, not resetting retries count 0
[sim] [mavros_node-14] [ERROR] [1775456480.531744530] [mavros.param]: PR: request param #229 completely missing.
[sim] [mavros_node-14] [WARN] [1775456480.531921997] [mavros.param]: PR: 1194 params still missing, trying to request next: #230
[sim] [mavros_node-14] [WARN] [1775456481.532344571] [mavros.param]: PR: request param #230 timeout, retries left 2, and 1194 params still missing
[sim] [mavros_node-14] [WARN] [1775456482.532884987] [mavros.param]: PR: request param #230 timeout, retries left 1, and 1194 params still missing
[sim] [mavros_node-14] [WARN] [1775456483.533475938] [mavros.param]: PR: request param #230 timeout, retries left 0, and 1194 params still missing
[sim] [mavros_node-14] [ERROR] [1775456484.533807905] [mavros.param]: PR: request param #230 completely missing.
[sim] [mavros_node-14] [WARN] [1775456484.533939775] [mavros.param]: PR: 1193 params still missing, trying to request next: #231
[sim] [mavros_node-14] [WARN] [1775456485.534905133] [mavros.param]: PR: request param #231 timeout, retries left 2, and 1193 params still missing
[sim] [mavros_node-14] [WARN] [1775456486.535202571] [mavros.param]: PR: request param #231 timeout, retries left 1, and 1193 params still missing
[sim] [mavros_node-14] [WARN] [1775456487.535489899] [mavros.param]: PR: request param #231 timeout, retries left 0, and 1193 params still missing
[sim] [mavros_node-14] [ERROR] [1775456488.535864871] [mavros.param]: PR: request param #231 completely missing.
[sim] [mavros_node-14] [WARN] [1775456488.535994587] [mavros.param]: PR: 1192 params still missing, trying to request next: #232
[sim] [mavros_node-14] [WARN] [1775456489.536240092] [mavros.param]: PR: request param #232 timeout, retries left 2, and 1192 params still missing
[sim] [mavros_node-14] [WARN] [1775456490.536550909] [mavros.param]: PR: request param #232 timeout, retries left 1, and 1192 params still missing
[sim] [mavros_node-14] [WARN] [1775456491.536921057] [mavros.param]: PR: request param #232 timeout, retries left 0, and 1192 params still missing
[sim] [mavros_node-14] [ERROR] [1775456492.537208356] [mavros.param]: PR: request param #232 completely missing.
[sim] [mavros_node-14] [WARN] [1775456492.537348492] [mavros.param]: PR: 1191 params still missing, trying to request next: #233
[sim] [mavros_node-14] [WARN] [1775456493.537693007] [mavros.param]: PR: request param #233 timeout, retries left 2, and 1191 params still missing
[sim] [mavros_node-14] [WARN] [1775456494.538097746] [mavros.param]: PR: request param #233 timeout, retries left 1, and 1191 params still missing
[sim] [mavros_node-14] [WARN] [1775456495.538468658] [mavros.param]: PR: request param #233 timeout, retries left 0, and 1191 params still missing
[sim] [mavros_node-14] [ERROR] [1775456496.539612856] [mavros.param]: PR: request param #233 completely missing.
[sim] [mavros_node-14] [WARN] [1775456496.539811753] [mavros.param]: PR: 1190 params still missing, trying to request next: #234
[sim] [mavros_node-14] [WARN] [1775456497.540192320] [mavros.param]: PR: request param #234 timeout, retries left 2, and 1190 params still missing
[sim] [mavros_node-14] [WARN] [1775456498.540806048] [mavros.param]: PR: request param #234 timeout, retries left 1, and 1190 params still missing
[sim] [mavros_node-14] [WARN] [1775456499.541987120] [mavros.param]: PR: request param #234 timeout, retries left 0, and 1190 params still missing
[sim] [mavros_node-14] [ERROR] [1775456500.542762611] [mavros.param]: PR: request param #234 completely missing.
[sim] [mavros_node-14] [WARN] [1775456500.542915231] [mavros.param]: PR: 1189 params still missing, trying to request next: #235
[sim] [mavros_node-14] [WARN] [1775456501.543347949] [mavros.param]: PR: request param #235 timeout, retries left 2, and 1189 params still missing
[sim] [mavros_node-14] [WARN] [1775456502.543877389] [mavros.param]: PR: request param #235 timeout, retries left 1, and 1189 params still missing
[sim] [mavros_node-14] [WARN] [1775456503.544360058] [mavros.param]: PR: request param #235 timeout, retries left 0, and 1189 params still missing
[sim] [mavros_node-14] [ERROR] [1775456504.545094774] [mavros.param]: PR: request param #235 completely missing.
[sim] [mavros_node-14] [WARN] [1775456504.548403544] [mavros.param]: PR: 1188 params still missing, trying to request next: #236
[sim] [mavros_node-14] [WARN] [1775456505.548829792] [mavros.param]: PR: request param #236 timeout, retries left 2, and 1188 params still missing
[sim] [mavros_node-14] [WARN] [1775456506.549381807] [mavros.param]: PR: request param #236 timeout, retries left 1, and 1188 params still missing
[sim] [mavros_node-14] [WARN] [1775456507.550061353] [mavros.param]: PR: request param #236 timeout, retries left 0, and 1188 params still missing
[sim] [mavros_node-14] [ERROR] [1775456508.550587134] [mavros.param]: PR: request param #236 completely missing.
[sim] [mavros_node-14] [WARN] [1775456508.550723182] [mavros.param]: PR: 1187 params still missing, trying to request next: #237
[sim] [mavros_node-14] [WARN] [1775456509.551412081] [mavros.param]: PR: request param #237 timeout, retries left 2, and 1187 params still missing
[sim] [mavros_node-14] [WARN] [1775456510.551783485] [mavros.param]: PR: request param #237 timeout, retries left 1, and 1187 params still missing
[sim] [mavros_node-14] [WARN] [1775456511.552173162] [mavros.param]: PR: request param #237 timeout, retries left 0, and 1187 params still missing
[sim] [mavros_node-14] [ERROR] [1775456512.552642217] [mavros.param]: PR: request param #237 completely missing.
[mavros_node-14] [WARN] [1775456512.552821828] [mavros.param]: PR: 1186 params still missing, trying to request next: #238
[sim] [mavros_node-14] [WARN] [1775456513.553296081] [mavros.param]: PR: request param #238 timeout, retries left 2, and 1186 params still missing
[sim] [mavros_node-14] [INFO] [1775456514.135288484] [mavros.param]: PR: got an unsolicited param value idx=222, not resetting retries count 2
[sim] [mavros_node-14] [INFO] [1775456514.135856913] [mavros.param]: PR: got an unsolicited param value idx=222, not resetting retries count 2
[sim] [mavros_node-14] [INFO] [1775456514.136361882] [mavros.param]: PR: got an unsolicited param value idx=222, not resetting retries count 2
[sim] [mavros_node-14] [INFO] [1775456514.136713028] [mavros.param]: PR: got an unsolicited param value idx=222, not resetting retries count 2
[sim] [mavros_node-14] [INFO] [1775456514.137214710] [mavros.param]: PR: got an unsolicited param value idx=222, not resetting retries count 2
[sim] [mavros_node-14] [WARN] [1775456515.137462286] [mavros.param]: PR: request param #238 timeout, retries left 1, and 1186 params still missing
[sim] [mavros_node-14] [WARN] [1775456516.137850596] [mavros.param]: PR: request param #238 timeout, retries left 0, and 1186 params still missing
[sim] [mavros_node-14] [ERROR] [1775456517.138230709] [mavros.param]: PR: request param #238 completely missing.
[mavros_node-14] [WARN] [1775456517.138377568] [mavros.param]: PR: 1185 params still missing, trying to request next: #239
[sim] [mavros_node-14] [WARN] [1775456518.138603616] [mavros.param]: PR: request param #239 timeout, retries left 2, and 1185 params still missing
[sim] [mavros_node-14] [WARN] [1775456519.139722256] [mavros.param]: PR: request param #239 timeout, retries left 1, and 1185 params still missing
[sim] [mavros_node-14] [WARN] [1775456520.140102343] [mavros.param]: PR: request param #239 timeout, retries left 0, and 1185 params still missing
[sim] [mavros_node-14] [ERROR] [1775456521.140571586] [mavros.param]: PR: request param #239 completely missing.
[sim] [mavros_node-14] [WARN] [1775456521.140721851] [mavros.param]: PR: 1184 params still missing, trying to request next: #240
[sim] [mavros_node-14] [WARN] [1775456522.141069732] [mavros.param]: PR: request param #240 timeout, retries left 2, and 1184 params still missing
[sim] [mavros_node-14] [WARN] [1775456523.141787722] [mavros.param]: PR: request param #240 timeout, retries left 1, and 1184 params still missing
[sim] [mavros_node-14] [WARN] [1775456524.143338331] [mavros.param]: PR: request param #240 timeout, retries left 0, and 1184 params still missing
[sim] [mavros_node-14] [ERROR] [1775456525.143915190] [mavros.param]: PR: request param #240 completely missing.
[sim] [mavros_node-14] [WARN] [1775456525.144105000] [mavros.param]: PR: 1183 params still missing, trying to request next: #241
[sim] [mavros_node-14] [WARN] [1775456526.144476136] [mavros.param]: PR: request param #241 timeout, retries left 2, and 1183 params still missing
[sim] [mavros_node-14] [WARN] [1775456527.145561425] [mavros.param]: PR: request param #241 timeout, retries left 1, and 1183 params still missing
[sim] [mavros_node-14] [WARN] [1775456528.145879736] [mavros.param]: PR: request param #241 timeout, retries left 0, and 1183 params still missing
[sim] [mavros_node-14] [ERROR] [1775456529.146292584] [mavros.param]: PR: request param #241 completely missing.
[sim] [mavros_node-14] [WARN] [1775456529.146442288] [mavros.param]: PR: 1182 params still missing, trying to request next: #242
[sim] [mavros_node-14] [WARN] [1775456530.146711651] [mavros.param]: PR: request param #242 timeout, retries left 2, and 1182 params still missing
[sim] [mavros_node-14] [WARN] [1775456531.147017812] [mavros.param]: PR: request param #242 timeout, retries left 1, and 1182 params still missing
[sim] [mavros_node-14] [WARN] [1775456532.147419472] [mavros.param]: PR: request param #242 timeout, retries left 0, and 1182 params still missing
[sim] [mavros_node-14] [ERROR] [1775456533.147950174] [mavros.param]: PR: request param #242 completely missing.
[sim] [mavros_node-14] [WARN] [1775456533.148092233] [mavros.param]: PR: 1181 params still missing, trying to request next: #243
[sim] [mavros_node-14] [WARN] [1775456534.148306002] [mavros.param]: PR: request param #243 timeout, retries left 2, and 1181 params still missing
[sim] [mavros_node-14] [WARN] [1775456535.148570915] [mavros.param]: PR: request param #243 timeout, retries left 1, and 1181 params still missing
[sim] [mavros_node-14] [WARN] [1775456536.148887713] [mavros.param]: PR: request param #243 timeout, retries left 0, and 1181 params still missing
[sim] [mavros_node-14] [ERROR] [1775456537.149438745] [mavros.param]: PR: request param #243 completely missing.
[sim] [mavros_node-14] [WARN] [1775456537.149578179] [mavros.param]: PR: 1180 params still missing, trying to request next: #244
[sim] [mavros_node-14] [WARN] [1775456538.150097047] [mavros.param]: PR: request param #244 timeout, retries left 2, and 1180 params still missing
[sim] [mavros_node-14] [WARN] [1775456539.150712706] [mavros.param]: PR: request param #244 timeout, retries left 1, and 1180 params still missing
[sim] [mavros_node-14] [WARN] [1775456540.151323433] [mavros.param]: PR: request param #244 timeout, retries left 0, and 1180 params still missing
[sim] [mavros_node-14] [ERROR] [1775456541.151777660] [mavros.param]: PR: request param #244 completely missing.
[sim] [mavros_node-14] [WARN] [1775456541.151921222] [mavros.param]: PR: 1179 params still missing, trying to request next: #245
[sim] [mavros_node-14] [WARN] [1775456542.152222487] [mavros.param]: PR: request param #245 timeout, retries left 2, and 1179 params still missing
[sim] [mavros_node-14] [INFO] [1775456542.435074905] [mavros.param]: PR: got an unsolicited param value idx=223, not resetting retries count 2
[sim] [mavros_node-14] [INFO] [1775456542.435926210] [mavros.param]: PR: got an unsolicited param value idx=223, not resetting retries count 2
[sim] [mavros_node-14] [INFO] [1775456542.436330498] [mavros.param]: PR: got an unsolicited param value idx=223, not resetting retries count 2
[sim] [mavros_node-14] [INFO] [1775456542.436705660] [mavros.param]: PR: got an unsolicited param value idx=223, not resetting retries count 2
[sim] [mavros_node-14] [INFO] [1775456542.437418062] [mavros.param]: PR: got an unsolicited param value idx=224, not resetting retries count 2
[sim] [mavros_node-14] [WARN] [1775456543.437671816] [mavros.param]: PR: request param #245 timeout, retries left 1, and 1179 params still missing
[sim] [mavros_node-14] [WARN] [1775456544.438176794] [mavros.param]: PR: request param #245 timeout, retries left 0, and 1179 params still missing
[sim] [mavros_node-14] [ERROR] [1775456545.438566642] [mavros.param]: PR: request param #245 completely missing.
[sim] [mavros_node-14] [WARN] [1775456545.438665650] [mavros.param]: PR: 1178 params still missing, trying to request next: #246
[sim] [mavros_node-14] [WARN] [1775456546.438915909] [mavros.param]: PR: request param #246 timeout, retries left 2, and 1178 params still missing
[sim] [mavros_node-14] [WARN] [1775456547.439237362] [mavros.param]: PR: request param #246 timeout, retries left 1, and 1178 params still missing
[sim] [mavros_node-14] [WARN] [1775456548.440711770] [mavros.param]: PR: request param #246 timeout, retries left 0, and 1178 params still missing
[sim] [mavros_node-14] [ERROR] [1775456549.441081889] [mavros.param]: PR: request param #246 completely missing.
[sim] [mavros_node-14] [WARN] [1775456549.441198851] [mavros.param]: PR: 1177 params still missing, trying to request next: #247
[sim] [mavros_node-14] [WARN] [1775456550.442327988] [mavros.param]: PR: request param #247 timeout, retries left 2, and 1177 params still missing
[sim] [mavros_node-14] [WARN] [1775456551.442878104] [mavros.param]: PR: request param #247 timeout, retries left 1, and 1177 params still missing
[sim] [mavros_node-14] [WARN] [1775456552.443433217] [mavros.param]: PR: request param #247 timeout, retries left 0, and 1177 params still missing
[sim] [mavros_node-14] [ERROR] [1775456553.444095770] [mavros.param]: PR: request param #247 completely missing.
[sim] [mavros_node-14] [WARN] [1775456553.444293716] [mavros.param]: PR: 1176 params still missing, trying to request next: #248
[sim] [mavros_node-14] [WARN] [1775456554.444670755] [mavros.param]: PR: request param #248 timeout, retries left 2, and 1176 params still missing
[sim] [mavros_node-14] [WARN] [1775456555.445386144] [mavros.param]: PR: request param #248 timeout, retries left 1, and 1176 params still missing
[sim] [mavros_node-14] [WARN] [1775456556.445615617] [mavros.param]: PR: request param #248 timeout, retries left 0, and 1176 params still missing
[sim] [mavros_node-14] [ERROR] [1775456557.446391616] [mavros.param]: PR: request param #248 completely missing.
[sim] [mavros_node-14] [WARN] [1775456557.446549696] [mavros.param]: PR: 1175 params still missing, trying to request next: #249
[sim] [mavros_node-14] [WARN] [1775456558.447145539] [mavros.param]: PR: request param #249 timeout, retries left 2, and 1175 params still missing
[sim] [mavros_node-14] [WARN] [1775456559.447767981] [mavros.param]: PR: request param #249 timeout, retries left 1, and 1175 params still missing
[sim] [mavros_node-14] [WARN] [1775456560.448176002] [mavros.param]: PR: request param #249 timeout, retries left 0, and 1175 params still missing
[sim] [mavros_node-14] [ERROR] [1775456561.448400011] [mavros.param]: PR: request param #249 completely missing.
[sim] [mavros_node-14] [WARN] [1775456561.448511313] [mavros.param]: PR: 1174 params still missing, trying to request next: #250
[sim] [mavros_node-14] [WARN] [1775456562.448800573] [mavros.param]: PR: request param #250 timeout, retries left 2, and 1174 params still missing
[sim] [mavros_node-14] [WARN] [1775456563.449392405] [mavros.param]: PR: request param #250 timeout, retries left 1, and 1174 params still missing
[sim] [mavros_node-14] [WARN] [1775456564.450167873] [mavros.param]: PR: request param #250 timeout, retries left 0, and 1174 params still missing
[sim] [mavros_node-14] [ERROR] [1775456565.450704785] [mavros.param]: PR: request param #250 completely missing.
[sim] [mavros_node-14] [WARN] [1775456565.450861672] [mavros.param]: PR: 1173 params still missing, trying to request next: #251
[sim] [mavros_node-14] [WARN] [1775456566.451144229] [mavros.param]: PR: request param #251 timeout, retries left 2, and 1173 params still missing
[sim] [mavros_node-14] [WARN] [1775456567.451774943] [mavros.param]: PR: request param #251 timeout, retries left 1, and 1173 params still missing
[sim] [mavros_node-14] [WARN] [1775456568.452630962] [mavros.param]: PR: request param #251 timeout, retries left 0, and 1173 params still missing
[sim] [mavros_node-14] [ERROR] [1775456569.453222426] [mavros.param]: PR: request param #251 completely missing.
[sim] [mavros_node-14] [WARN] [1775456569.453416064] [mavros.param]: PR: 1172 params still missing, trying to request next: #252
[sim] [mavros_node-14] [WARN] [1775456570.453719368] [mavros.param]: PR: request param #252 timeout, retries left 2, and 1172 params still missing
[sim] [mavros_node-14] [WARN] [1775456571.454286500] [mavros.param]: PR: request param #252 timeout, retries left 1, and 1172 params still missing
[sim] [mavros_node-14] [WARN] [1775456572.454971914] [mavros.param]: PR: request param #252 timeout, retries left 0, and 1172 params still missing
[sim] [mavros_node-14] [ERROR] [1775456573.455628881] [mavros.param]: PR: request param #252 completely missing.
[sim] [mavros_node-14] [WARN] [1775456573.455792832] [mavros.param]: PR: 1171 params still missing, trying to request next: #253
[sim] [mavros_node-14] [WARN] [1775456574.456217725] [mavros.param]: PR: request param #253 timeout, retries left 2, and 1171 params still missing
[sim] [mavros_node-14] [WARN] [1775456575.456651311] [mavros.param]: PR: request param #253 timeout, retries left 1, and 1171 params still missing
[sim] [mavros_node-14] [WARN] [1775456576.456883082] [mavros.param]: PR: request param #253 timeout, retries left 0, and 1171 params still missing
[sim] [mavros_node-14] [ERROR] [1775456577.457140638] [mavros.param]: PR: request param #253 completely missing.
[sim] [mavros_node-14] [WARN] [1775456577.457260365] [mavros.param]: PR: 1170 params still missing, trying to request next: #254
[sim] [mavros_node-14] [WARN] [1775456578.457889995] [mavros.param]: PR: request param #254 timeout, retries left 2, and 1170 params still missing
[sim] [mavros_node-14] [INFO] [1775456578.813509791] [mavros.param]: PR: got an unsolicited param value idx=224, not resetting retries count 2
[sim] [mavros_node-14] [INFO] [1775456578.814065987] [mavros.param]: PR: got an unsolicited param value idx=224, not resetting retries count 2
[sim] [mavros_node-14] [INFO] [1775456578.814942631] [mavros.param]: PR: got an unsolicited param value idx=224, not resetting retries count 2
[sim] [mavros_node-14] [INFO] [1775456578.815473188] [mavros.param]: PR: got an unsolicited param value idx=225, not resetting retries count 2
[sim] [mavros_node-14] [INFO] [1775456578.816748009] [mavros.param]: PR: got an unsolicited param value idx=225, not resetting retries count 2
[sim] [mavros_node-14] [WARN] [1775456579.817023946] [mavros.param]: PR: request param #254 timeout, retries left 1, and 1170 params still missing
[sim] [mavros_node-14] [WARN] [1775456580.817244195] [mavros.param]: PR: request param #254 timeout, retries left 0, and 1170 params still missing
[sim] [mavros_node-14] [ERROR] [1775456581.817683857] [mavros.param]: PR: request param #254 completely missing.
[sim] [mavros_node-14] [WARN] [1775456581.817874579] [mavros.param]: PR: 1169 params still missing, trying to request next: #255
[sim] [mavros_node-14] [WARN] [1775456582.818055277] [mavros.param]: PR: request param #255 timeout, retries left 2, and 1169 params still missing
[sim] [mavros_node-14] [WARN] [1775456583.818329910] [mavros.param]: PR: request param #255 timeout, retries left 1, and 1169 params still missing
[sim] [mavros_node-14] [WARN] [1775456584.819007485] [mavros.param]: PR: request param #255 timeout, retries left 0, and 1169 params still missing
[sim] [mavros_node-14] [ERROR] [1775456585.819252695] [mavros.param]: PR: request param #255 completely missing.
[mavros_node-14] [WARN] [1775456585.819385257] [mavros.param]: PR: 1168 params still missing, trying to request next: #256
[sim] [mavros_node-14] [WARN] [1775456586.819614134] [mavros.param]: PR: request param #256 timeout, retries left 2, and 1168 params still missing
[sim] [mavros_node-14] [WARN] [1775456587.819994895] [mavros.param]: PR: request param #256 timeout, retries left 1, and 1168 params still missing
[sim] [mavros_node-14] [WARN] [1775456588.820360876] [mavros.param]: PR: request param #256 timeout, retries left 0, and 1168 params still missing
[sim] [mavros_node-14] [ERROR] [1775456589.820738946] [mavros.param]: PR: request param #256 completely missing.
[sim] [mavros_node-14] [WARN] [1775456589.820859625] [mavros.param]: PR: 1167 params still missing, trying to request next: #257
[sim] [mavros_node-14] [WARN] [1775456590.821499840] [mavros.param]: PR: request param #257 timeout, retries left 2, and 1167 params still missing
[sim] [mavros_node-14] [WARN] [1775456591.822279647] [mavros.param]: PR: request param #257 timeout, retries left 1, and 1167 params still missing
[sim] [mavros_node-14] [WARN] [1775456592.822717962] [mavros.param]: PR: request param #257 timeout, retries left 0, and 1167 params still missing
[sim] [mavros_node-14] [ERROR] [1775456593.823336716] [mavros.param]: PR: request param #257 completely missing.
[sim] [mavros_node-14] [WARN] [1775456593.823498724] [mavros.param]: PR: 1166 params still missing, trying to request next: #258
[sim] [mavros_node-14] [WARN] [1775456594.824004300] [mavros.param]: PR: request param #258 timeout, retries left 2, and 1166 params still missing
[sim] [mavros_node-14] [WARN] [1775456595.825334749] [mavros.param]: PR: request param #258 timeout, retries left 1, and 1166 params still missing
[sim] [mavros_node-14] [WARN] [1775456596.825788139] [mavros.param]: PR: request param #258 timeout, retries left 0, and 1166 params still missing
[sim] [mavros_node-14] [ERROR] [1775456597.826269009] [mavros.param]: PR: request param #258 completely missing.
[sim] [mavros_node-14] [WARN] [1775456597.826405708] [mavros.param]: PR: 1165 params still missing, trying to request next: #259
[sim] [mavros_node-14] [WARN] [1775456598.826539165] [mavros.param]: PR: request param #259 timeout, retries left 2, and 1165 params still missing
[sim] [mavros_node-14] [WARN] [1775456599.827053953] [mavros.param]: PR: request param #259 timeout, retries left 1, and 1165 params still missing
[sim] [mavros_node-14] [WARN] [1775456600.827321157] [mavros.param]: PR: request param #259 timeout, retries left 0, and 1165 params still missing
[sim] [mavros_node-14] [ERROR] [1775456601.827770794] [mavros.param]: PR: request param #259 completely missing.
[sim] [mavros_node-14] [WARN] [1775456601.827914536] [mavros.param]: PR: 1164 params still missing, trying to request next: #260
[sim] [mavros_node-14] [WARN] [1775456602.828257157] [mavros.param]: PR: request param #260 timeout, retries left 2, and 1164 params still missing
[sim] [mavros_node-14] [WARN] [1775456603.828580477] [mavros.param]: PR: request param #260 timeout, retries left 1, and 1164 params still missing
[sim] [mavros_node-14] [WARN] [1775456604.828902371] [mavros.param]: PR: request param #260 timeout, retries left 0, and 1164 params still missing
[sim] [mavros_node-14] [ERROR] [1775456605.829208422] [mavros.param]: PR: request param #260 completely missing.
[sim] [mavros_node-14] [WARN] [1775456605.829364919] [mavros.param]: PR: 1163 params still missing, trying to request next: #261
[sim] [mavros_node-14] [WARN] [1775456606.829596966] [mavros.param]: PR: request param #261 timeout, retries left 2, and 1163 params still missing
[sim] [mavros_node-14] [WARN] [1775456607.829902379] [mavros.param]: PR: request param #261 timeout, retries left 1, and 1163 params still missing
[sim] [mavros_node-14] [WARN] [1775456608.830223678] [mavros.param]: PR: request param #261 timeout, retries left 0, and 1163 params still missing
[sim] [mavros_node-14] [ERROR] [1775456609.830542851] [mavros.param]: PR: request param #261 completely missing.
[sim] [mavros_node-14] [WARN] [1775456609.830668559] [mavros.param]: PR: 1162 params still missing, trying to request next: #262
[sim] [mavros_node-14] [WARN] [1775456610.831122754] [mavros.param]: PR: request param #262 timeout, retries left 2, and 1162 params still missing
[sim] [mavros_node-14] [WARN] [1775456611.831468560] [mavros.param]: PR: request param #262 timeout, retries left 1, and 1162 params still missing
[sim] [mavros_node-14] [WARN] [1775456612.831766892] [mavros.param]: PR: request param #262 timeout, retries left 0, and 1162 params still missing
[sim] [mavros_node-14] [ERROR] [1775456613.832229562] [mavros.param]: PR: request param #262 completely missing.
[sim] [mavros_node-14] [WARN] [1775456613.832403122] [mavros.param]: PR: 1161 params still missing, trying to request next: #263
[sim] [mavros_node-14] [INFO] [1775456614.587942555] [mavros.param]: PR: got an unsolicited param value idx=225, not resetting retries count 3
[sim] [mavros_node-14] [INFO] [1775456614.589689392] [mavros.param]: PR: got an unsolicited param value idx=225, not resetting retries count 3
[sim] [mavros_node-14] [INFO] [1775456614.591433123] [mavros.param]: PR: got an unsolicited param value idx=226, not resetting retries count 3
[sim] [mavros_node-14] [INFO] [1775456614.592240045] [mavros.param]: PR: got an unsolicited param value idx=226, not resetting retries count 3
[sim] [mavros_node-14] [INFO] [1775456614.592578227] [mavros.param]: PR: got an unsolicited param value idx=226, not resetting retries count 3
[sim] [mavros_node-14] [WARN] [1775456615.592821322] [mavros.param]: PR: request param #263 timeout, retries left 2, and 1161 params still missing
[sim] [mavros_node-14] [WARN] [1775456616.593184572] [mavros.param]: PR: request param #263 timeout, retries left 1, and 1161 params still missing
[sim] [mavros_node-14] [WARN] [1775456617.593466614] [mavros.param]: PR: request param #263 timeout, retries left 0, and 1161 params still missing
[sim] [mavros_node-14] [ERROR] [1775456618.593848552] [mavros.param]: PR: request param #263 completely missing.
[sim] [mavros_node-14] [WARN] [1775456618.593981224] [mavros.param]: PR: 1160 params still missing, trying to request next: #264
[sim] [mavros_node-14] [WARN] [1775456619.594448510] [mavros.param]: PR: request param #264 timeout, retries left 2, and 1160 params still missing
[sim] [mavros_node-14] [WARN] [1775456620.595010703] [mavros.param]: PR: request param #264 timeout, retries left 1, and 1160 params still missing
[sim] [mavros_node-14] [WARN] [1775456621.595530092] [mavros.param]: PR: request param #264 timeout, retries left 0, and 1160 params still missing
[sim] [mavros_node-14] [ERROR] [1775456622.595980064] [mavros.param]: PR: request param #264 completely missing.
[sim] [mavros_node-14] [WARN] [1775456622.596097026] [mavros.param]: PR: 1159 params still missing, trying to request next: #265
[sim] [mavros_node-14] [WARN] [1775456623.596416117] [mavros.param]: PR: request param #265 timeout, retries left 2, and 1159 params still missing
[sim] [mavros_node-14] [WARN] [1775456624.596962716] [mavros.param]: PR: request param #265 timeout, retries left 1, and 1159 params still missing
[sim] [mavros_node-14] [WARN] [1775456625.597227707] [mavros.param]: PR: request param #265 timeout, retries left 0, and 1159 params still missing
[sim] [mavros_node-14] [ERROR] [1775456626.597761504] [mavros.param]: PR: request param #265 completely missing.
[sim] [mavros_node-14] [WARN] [1775456626.597880240] [mavros.param]: PR: 1158 params still missing, trying to request next: #266
[sim] [mavros_node-14] [WARN] [1775456627.598066313] [mavros.param]: PR: request param #266 timeout, retries left 2, and 1158 params still missing
[sim] [mavros_node-14] [WARN] [1775456628.598351882] [mavros.param]: PR: request param #266 timeout, retries left 1, and 1158 params still missing
[sim] [mavros_node-14] [WARN] [1775456629.598602000] [mavros.param]: PR: request param #266 timeout, retries left 0, and 1158 params still missing
[sim] [mavros_node-14] [ERROR] [1775456630.598837196] [mavros.param]: PR: request param #266 completely missing.
[sim] [mavros_node-14] [WARN] [1775456630.598942546] [mavros.param]: PR: 1157 params still missing, trying to request next: #267
[sim] [mavros_node-14] [WARN] [1775456631.599630007] [mavros.param]: PR: request param #267 timeout, retries left 2, and 1157 params still missing
[sim] [mavros_node-14] [WARN] [1775456632.600001594] [mavros.param]: PR: request param #267 timeout, retries left 1, and 1157 params still missing
[sim] [mavros_node-14] [WARN] [1775456633.600559601] [mavros.param]: PR: request param #267 timeout, retries left 0, and 1157 params still missing
[sim] [mavros_node-14] [ERROR] [1775456634.600896655] [mavros.param]: PR: request param #267 completely missing.
[sim] [mavros_node-14] [WARN] [1775456634.601048353] [mavros.param]: PR: 1156 params still missing, trying to request next: #268
[sim] [mavros_node-14] [WARN] [1775456635.601390944] [mavros.param]: PR: request param #268 timeout, retries left 2, and 1156 params still missing
[sim] [mavros_node-14] [WARN] [1775456636.601894547] [mavros.param]: PR: request param #268 timeout, retries left 1, and 1156 params still missing
[sim] [mavros_node-14] [WARN] [1775456637.602757519] [mavros.param]: PR: request param #268 timeout, retries left 0, and 1156 params still missing
[sim] [mavros_node-14] [ERROR] [1775456638.603374650] [mavros.param]: PR: request param #268 completely missing.
[sim] [mavros_node-14] [WARN] [1775456638.603542568] [mavros.param]: PR: 1155 params still missing, trying to request next: #269
[sim] [mavros_node-14] [WARN] [1775456639.603981958] [mavros.param]: PR: request param #269 timeout, retries left 2, and 1155 params still missing
[sim] [mavros_node-14] [WARN] [1775456640.604428928] [mavros.param]: PR: request param #269 timeout, retries left 1, and 1155 params still missing
[sim] [mavros_node-14] [WARN] [1775456641.604836560] [mavros.param]: PR: request param #269 timeout, retries left 0, and 1155 params still missing
[sim] [mavros_node-14] [ERROR] [1775456642.605193451] [mavros.param]: PR: request param #269 completely missing.
[sim] [mavros_node-14] [WARN] [1775456642.605378983] [mavros.param]: PR: 1154 params still missing, trying to request next: #270
[sim] [mavros_node-14] [WARN] [1775456643.605775947] [mavros.param]: PR: request param #270 timeout, retries left 2, and 1154 params still missing
[sim] [mavros_node-14] [WARN] [1775456644.606216018] [mavros.param]: PR: request param #270 timeout, retries left 1, and 1154 params still missing
[sim] [mavros_node-14] [WARN] [1775456645.606549103] [mavros.param]: PR: request param #270 timeout, retries left 0, and 1154 params still missing
[sim] [mavros_node-14] [ERROR] [1775456646.607076472] [mavros.param]: PR: request param #270 completely missing.
[sim] [mavros_node-14] [WARN] [1775456646.607276903] [mavros.param]: PR: 1153 params still missing, trying to request next: #271
[sim] [mavros_node-14] [WARN] [1775456647.607556568] [mavros.param]: PR: request param #271 timeout, retries left 2, and 1153 params still missing
[sim] [mavros_node-14] [INFO] [1775456648.024834175] [mavros.param]: PR: got an unsolicited param value idx=229, not resetting retries count 2
[sim] [mavros_node-14] [INFO] [1775456648.025905059] [mavros.param]: PR: got an unsolicited param value idx=229, not resetting retries count 2
[sim] [mavros_node-14] [INFO] [1775456648.026378348] [mavros.param]: PR: got an unsolicited param value idx=229, not resetting retries count 2
[sim] [mavros_node-14] [INFO] [1775456648.026817211] [mavros.param]: PR: got an unsolicited param value idx=229, not resetting retries count 2
[sim] [mavros_node-14] [INFO] [1775456648.027186172] [mavros.param]: PR: got an unsolicited param value idx=229, not resetting retries count 2
[sim] [mavros_node-14] [WARN] [1775456649.027684621] [mavros.param]: PR: request param #271 timeout, retries left 1, and 1153 params still missing
[sim] [mavros_node-14] [WARN] [1775456650.027951857] [mavros.param]: PR: request param #271 timeout, retries left 0, and 1153 params still missing
[sim] [mavros_node-14] [ERROR] [1775456651.028608599] [mavros.param]: PR: request param #271 completely missing.
[sim] [mavros_node-14] [WARN] [1775456651.028727435] [mavros.param]: PR: 1152 params still missing, trying to request next: #272
[sim] [mavros_node-14] [WARN] [1775456652.028949608] [mavros.param]: PR: request param #272 timeout, retries left 2, and 1152 params still missing
[sim] [mavros_node-14] [WARN] [1775456653.029221401] [mavros.param]: PR: request param #272 timeout, retries left 1, and 1152 params still missing
[sim] [mavros_node-14] [WARN] [1775456654.030343053] [mavros.param]: PR: request param #272 timeout, retries left 0, and 1152 params still missing
[sim] [mavros_node-14] [ERROR] [1775456655.030693969] [mavros.param]: PR: request param #272 completely missing.
[sim] [mavros_node-14] [WARN] [1775456655.030848001] [mavros.param]: PR: 1151 params still missing, trying to request next: #273
[sim] [mavros_node-14] [WARN] [1775456656.031101177] [mavros.param]: PR: request param #273 timeout, retries left 2, and 1151 params still missing
[sim] [mavros_node-14] [WARN] [1775456657.031477783] [mavros.param]: PR: request param #273 timeout, retries left 1, and 1151 params still missing
[sim] [mavros_node-14] [WARN] [1775456658.031850287] [mavros.param]: PR: request param #273 timeout, retries left 0, and 1151 params still missing
[sim] [mavros_node-14] [ERROR] [1775456659.032373023] [mavros.param]: PR: request param #273 completely missing.
[sim] [mavros_node-14] [WARN] [1775456659.032604673] [mavros.param]: PR: 1150 params still missing, trying to request next: #274
[sim] [mavros_node-14] [WARN] [1775456660.033014320] [mavros.param]: PR: request param #274 timeout, retries left 2, and 1150 params still missing
[sim] [mavros_node-14] [WARN] [1775456661.033914754] [mavros.param]: PR: request param #274 timeout, retries left 1, and 1150 params still missing
[sim] [mavros_node-14] [WARN] [1775456662.035398603] [mavros.param]: PR: request param #274 timeout, retries left 0, and 1150 params still missing
[sim] [mavros_node-14] [ERROR] [1775456663.035754755] [mavros.param]: PR: request param #274 completely missing.
[sim] [mavros_node-14] [WARN] [1775456663.035894811] [mavros.param]: PR: 1149 params still missing, trying to request next: #275
[sim] [mavros_node-14] [WARN] [1775456664.036232405] [mavros.param]: PR: request param #275 timeout, retries left 2, and 1149 params still missing
[sim] [mavros_node-14] [WARN] [1775456665.036779692] [mavros.param]: PR: request param #275 timeout, retries left 1, and 1149 params still missing
[sim] [mavros_node-14] [WARN] [1775456666.037611166] [mavros.param]: PR: request param #275 timeout, retries left 0, and 1149 params still missing
[sim] [mavros_node-14] [ERROR] [1775456667.038309562] [mavros.param]: PR: request param #275 completely missing.
[sim] [mavros_node-14] [WARN] [1775456667.038507037] [mavros.param]: PR: 1148 params still missing, trying to request next: #276
[sim] [mavros_node-14] [WARN] [1775456668.038790932] [mavros.param]: PR: request param #276 timeout, retries left 2, and 1148 params still missing
[sim] [mavros_node-14] [WARN] [1775456669.039006172] [mavros.param]: PR: request param #276 timeout, retries left 1, and 1148 params still missing
[sim] [mavros_node-14] [WARN] [1775456670.039310738] [mavros.param]: PR: request param #276 timeout, retries left 0, and 1148 params still missing
[sim] [mavros_node-14] [ERROR] [1775456671.039567830] [mavros.param]: PR: request param #276 completely missing.
[sim] [mavros_node-14] [WARN] [1775456671.039679572] [mavros.param]: PR: 1147 params still missing, trying to request next: #277
[sim] [mavros_node-14] [WARN] [1775456672.039866907] [mavros.param]: PR: request param #277 timeout, retries left 2, and 1147 params still missing
[sim] [mavros_node-14] [WARN] [1775456673.040127447] [mavros.param]: PR: request param #277 timeout, retries left 1, and 1147 params still missing
[sim] [mavros_node-14] [INFO] [1775456673.606662475] [mavros.param]: PR: got an unsolicited param value idx=238, not resetting retries count 1
[sim] [mavros_node-14] [INFO] [1775456673.607338259] [mavros.param]: PR: got an unsolicited param value idx=238, not resetting retries count 1
[sim] [mavros_node-14] [INFO] [1775456673.608034912] [mavros.param]: PR: got an unsolicited param value idx=238, not resetting retries count 1
[sim] [mavros_node-14] [INFO] [1775456673.608713470] [mavros.param]: PR: got an unsolicited param value idx=238, not resetting retries count 1
[sim] [mavros_node-14] [INFO] [1775456673.610107467] [mavros.param]: PR: got an unsolicited param value idx=238, not resetting retries count 1
[sim] [mavros_node-14] [WARN] [1775456674.610365872] [mavros.param]: PR: request param #277 timeout, retries left 0, and 1147 params still missing
[sim] [mavros_node-14] [ERROR] [1775456675.610653979] [mavros.param]: PR: request param #277 completely missing.
[mavros_node-14] [WARN] [1775456675.610763727] [mavros.param]: PR: 1146 params still missing, trying to request next: #278
[sim] [mavros_node-14] [WARN] [1775456676.611049075] [mavros.param]: PR: request param #278 timeout, retries left 2, and 1146 params still missing
[sim] [mavros_node-14] [WARN] [1775456677.611419820] [mavros.param]: PR: request param #278 timeout, retries left 1, and 1146 params still missing
[sim] [mavros_node-14] [WARN] [1775456678.611847098] [mavros.param]: PR: request param #278 timeout, retries left 0, and 1146 params still missing
[sim] [mavros_node-14] [ERROR] [1775456679.612229086] [mavros.param]: PR: request param #278 completely missing.
[mavros_node-14] [WARN] [1775456679.612359815] [mavros.param]: PR: 1145 params still missing, trying to request next: #279
[sim] [mavros_node-14] [WARN] [1775456680.612795400] [mavros.param]: PR: request param #279 timeout, retries left 2, and 1145 params still missing
[sim] [mavros_node-14] [WARN] [1775456681.613182159] [mavros.param]: PR: request param #279 timeout, retries left 1, and 1145 params still missing
[sim] [mavros_node-14] [WARN] [1775456682.613682369] [mavros.param]: PR: request param #279 timeout, retries left 0, and 1145 params still missing
[sim] [mavros_node-14] [ERROR] [1775456683.614189207] [mavros.param]: PR: request param #279 completely missing.
[sim] [mavros_node-14] [WARN] [1775456683.614444872] [mavros.param]: PR: 1144 params still missing, trying to request next: #280
[sim] [mavros_node-14] [WARN] [1775456684.614830786] [mavros.param]: PR: request param #280 timeout, retries left 2, and 1144 params still missing
[sim] [mavros_node-14] [WARN] [1775456685.616592990] [mavros.param]: PR: request param #280 timeout, retries left 1, and 1144 params still missing
[sim] [mavros_node-14] [WARN] [1775456686.617411727] [mavros.param]: PR: request param #280 timeout, retries left 0, and 1144 params still missing
[sim] [mavros_node-14] [ERROR] [1775456687.617976227] [mavros.param]: PR: request param #280 completely missing.
[sim] [mavros_node-14] [WARN] [1775456687.618108618] [mavros.param]: PR: 1143 params still missing, trying to request next: #281
[sim] [mavros_node-14] [WARN] [1775456688.618563506] [mavros.param]: PR: request param #281 timeout, retries left 2, and 1143 params still missing
[sim] [mavros_node-14] [WARN] [1775456689.618957413] [mavros.param]: PR: request param #281 timeout, retries left 1, and 1143 params still missing
[sim] [mavros_node-14] [WARN] [1775456690.619281634] [mavros.param]: PR: request param #281 timeout, retries left 0, and 1143 params still missing
[sim] [mavros_node-14] [ERROR] [1775456691.619575803] [mavros.param]: PR: request param #281 completely missing.
[sim] [mavros_node-14] [WARN] [1775456691.619715448] [mavros.param]: PR: 1142 params still missing, trying to request next: #282
[sim] [mavros_node-14] [WARN] [1775456692.619952745] [mavros.param]: PR: request param #282 timeout, retries left 2, and 1142 params still missing
[sim] [mavros_node-14] [WARN] [1775456693.620248007] [mavros.param]: PR: request param #282 timeout, retries left 1, and 1142 params still missing
[sim] [mavros_node-14] [WARN] [1775456694.620522115] [mavros.param]: PR: request param #282 timeout, retries left 0, and 1142 params still missing
[sim] [mavros_node-14] [ERROR] [1775456695.620783914] [mavros.param]: PR: request param #282 completely missing.
[sim] [mavros_node-14] [WARN] [1775456695.620906457] [mavros.param]: PR: 1141 params still missing, trying to request next: #283
[sim] [mavros_node-14] [WARN] [1775456696.621206896] [mavros.param]: PR: request param #283 timeout, retries left 2, and 1141 params still missing
[sim] [mavros_node-14] [WARN] [1775456697.621636095] [mavros.param]: PR: request param #283 timeout, retries left 1, and 1141 params still missing
[sim] [mavros_node-14] [WARN] [1775456698.621963766] [mavros.param]: PR: request param #283 timeout, retries left 0, and 1141 params still missing
[sim] [mavros_node-14] [ERROR] [1775456699.622464843] [mavros.param]: PR: request param #283 completely missing.
[mavros_node-14] [WARN] [1775456699.622604267] [mavros.param]: PR: 1140 params still missing, trying to request next: #284
[sim] [mavros_node-14] [WARN] [1775456700.622912613] [mavros.param]: PR: request param #284 timeout, retries left 2, and 1140 params still missing
[sim] [mavros_node-14] [WARN] [1775456701.623357504] [mavros.param]: PR: request param #284 timeout, retries left 1, and 1140 params still missing
[sim] [mavros_node-14] [INFO] [1775456701.865236051] [mavros.param]: PR: got an unsolicited param value idx=245, not resetting retries count 1
[sim] [mavros_node-14] [INFO] [1775456701.865853614] [mavros.param]: PR: got an unsolicited param value idx=245, not resetting retries count 1
[sim] [mavros_node-14] [INFO] [1775456701.866392067] [mavros.param]: PR: got an unsolicited param value idx=245, not resetting retries count 1
[sim] [mavros_node-14] [INFO] [1775456701.866788520] [mavros.param]: PR: got an unsolicited param value idx=245, not resetting retries count 1
[sim] [mavros_node-14] [INFO] [1775456701.867325510] [mavros.param]: PR: got an unsolicited param value idx=245, not resetting retries count 1
[sim] [mavros_node-14] [WARN] [1775456702.867839137] [mavros.param]: PR: request param #284 timeout, retries left 0, and 1140 params still missing
[sim] [mavros_node-14] [ERROR] [1775456703.871265212] [mavros.param]: PR: request param #284 completely missing.
[sim] [mavros_node-14] [WARN] [1775456703.871433281] [mavros.param]: PR: 1139 params still missing, trying to request next: #285
[sim] [mavros_node-14] [WARN] [1775456704.871623957] [mavros.param]: PR: request param #285 timeout, retries left 2, and 1139 params still missing
[sim] [mavros_node-14] [WARN] [1775456705.872050085] [mavros.param]: PR: request param #285 timeout, retries left 1, and 1139 params still missing
[sim] [mavros_node-14] [WARN] [1775456706.873537785] [mavros.param]: PR: request param #285 timeout, retries left 0, and 1139 params still missing
[sim] [mavros_node-14] [ERROR] [1775456707.873867831] [mavros.param]: PR: request param #285 completely missing.
[sim] [mavros_node-14] [WARN] [1775456707.873995113] [mavros.param]: PR: 1138 params still missing, trying to request next: #286
[sim] [mavros_node-14] [WARN] [1775456708.874349992] [mavros.param]: PR: request param #286 timeout, retries left 2, and 1138 params still missing
[sim] [mavros_node-14] [WARN] [1775456709.874753007] [mavros.param]: PR: request param #286 timeout, retries left 1, and 1138 params still missing
[sim] [mavros_node-14] [WARN] [1775456710.875108829] [mavros.param]: PR: request param #286 timeout, retries left 0, and 1138 params still missing
[sim] [mavros_node-14] [ERROR] [1775456711.875449046] [mavros.param]: PR: request param #286 completely missing.
[sim] [mavros_node-14] [WARN] [1775456711.875571940] [mavros.param]: PR: 1137 params still missing, trying to request next: #287
[sim] [mavros_node-14] [WARN] [1775456712.876068269] [mavros.param]: PR: request param #287 timeout, retries left 2, and 1137 params still missing
[sim] [mavros_node-14] [WARN] [1775456713.876524357] [mavros.param]: PR: request param #287 timeout, retries left 1, and 1137 params still missing
[sim] [mavros_node-14] [WARN] [1775456714.877074349] [mavros.param]: PR: request param #287 timeout, retries left 0, and 1137 params still missing
[sim] [mavros_node-14] [ERROR] [1775456715.878343742] [mavros.param]: PR: request param #287 completely missing.
[sim] [mavros_node-14] [WARN] [1775456715.878473689] [mavros.param]: PR: 1136 params still missing, trying to request next: #288
[sim] [mavros_node-14] [WARN] [1775456716.879199705] [mavros.param]: PR: request param #288 timeout, retries left 2, and 1136 params still missing
[sim] [mavros_node-14] [WARN] [1775456717.879644503] [mavros.param]: PR: request param #288 timeout, retries left 1, and 1136 params still missing
[sim] [mavros_node-14] [WARN] [1775456718.880128301] [mavros.param]: PR: request param #288 timeout, retries left 0, and 1136 params still missing
[sim] [mavros_node-14] [ERROR] [1775456719.880376516] [mavros.param]: PR: request param #288 completely missing.
[sim] [mavros_node-14] [WARN] [1775456719.880480233] [mavros.param]: PR: 1135 params still missing, trying to request next: #289
[sim] [mavros_node-14] [WARN] [1775456720.880929415] [mavros.param]: PR: request param #289 timeout, retries left 2, and 1135 params still missing
[sim] [mavros_node-14] [INFO] [1775456720.902053065] [mavros]: CON: Got HEARTBEAT, connected. FCU: ArduPilot
[sim] [mavros_node-14] [INFO] [1775456720.902292981] [mavros.mission]: WP: detected enable_partial_push: 1
[sim] [mavros_node-14] [INFO] [1775456720.903028307] [mavros.param]: PR: got an unsolicited param value idx=254, not resetting retries count 2
[sim] [mavros_node-14] [INFO] [1775456720.903869996] [mavros.param]: PR: got an unsolicited param value idx=254, not resetting retries count 2
[sim] [mavros_node-14] [INFO] [1775456720.904944006] [mavros.param]: PR: got an unsolicited param value idx=254, not resetting retries count 2
[sim] [mavros_node-14] [INFO] [1775456720.906144516] [mavros.param]: PR: got an unsolicited param value idx=254, not resetting retries count 2
[sim] [mavros_node-14] [INFO] [1775456720.906472278] [mavros.param]: PR: got an unsolicited param value idx=254, not resetting retries count 2
[sim] [mavros_node-14] [WARN] [1775456721.907089796] [mavros.param]: PR: request param #289 timeout, retries left 1, and 1135 params still missing
[sim] [mavros_node-14] [WARN] [1775456722.908481739] [mavros.sys]: VER: broadcast request timeout, retries left 4
[sim] [mavros_node-14] [WARN] [1775456722.908869075] [mavros.param]: PR: request param #289 timeout, retries left 0, and 1135 params still missing
[sim] [mavros_node-14] [ERROR] [1775456723.913241594] [mavros.param]: PR: request param #289 completely missing.
[mavros_node-14] [WARN] [1775456723.913443738] [mavros.param]: PR: 1134 params still missing, trying to request next: #290
[sim] [mavros_node-14] [WARN] [1775456723.918578972] [mavros.sys]: VER: broadcast request timeout, retries left 3
[sim] [mavros_node-14] [WARN] [1775456724.913668385] [mavros.param]: PR: request param #290 timeout, retries left 2, and 1134 params still missing
[sim] [mavros_node-14] [WARN] [1775456725.355570635] [mavros.cmd]: CMD: Unexpected command 520, result 0
[sim] [mavros_node-14] [INFO] [1775456725.356394240] [mavros.sys]: VER: 1.1: Capabilities         0x000000000000fbef
[sim] [mavros_node-14] [INFO] [1775456725.356446729] [mavros.sys]: VER: 1.1: Flight software:     040507ff (b7207551)
[mavros_node-14] [INFO] [1775456725.356460766] [mavros.sys]: VER: 1.1: Middleware software: 00000000 (        )
[sim] [mavros_node-14] [INFO] [1775456725.356469212] [mavros.sys]: VER: 1.1: OS software:         00000000 (        )
[mavros_node-14] [INFO] [1775456725.356477678] [mavros.sys]: VER: 1.1: Board hardware:      00000000
[mavros_node-14] [INFO] [1775456725.356486325] [mavros.sys]: VER: 1.1: VID/PID:             0000:0000
[mavros_node-14] [INFO] [1775456725.356500111] [mavros.sys]: VER: 1.1: UID:                 0000000000000000
[sim] [mavros_node-14] [WARN] [1775456725.359188627] [mavros.sys]: VER: unicast request timeout, retries left 2
[sim] [mavros_node-14] [WARN] [1775456725.913987246] [mavros.param]: PR: request param #290 timeout, retries left 1, and 1134 params still missing
[sim] [mavros_node-14] [WARN] [1775456726.914732212] [mavros.param]: PR: request param #290 timeout, retries left 0, and 1134 params still missing
[sim] [mavros_node-14] [ERROR] [1775456727.915574467] [mavros.param]: PR: request param #290 completely missing.
[sim] [mavros_node-14] [WARN] [1775456727.915697941] [mavros.param]: PR: 1133 params still missing, trying to request next: #291
[sim] [mavros_node-14] [WARN] [1775456728.916267955] [mavros.param]: PR: request param #291 timeout, retries left 2, and 1133 params still missing
[sim] [mavros_node-14] [WARN] [1775456729.916903298] [mavros.param]: PR: request param #291 timeout, retries left 1, and 1133 params still missing
[sim] [mavros_node-14] [WARN] [1775456730.907778518] [mavros]: CON: Lost connection, HEARTBEAT timed out.
[sim] [mavros_node-14] [WARN] [1775456731.904251074] [mavros.param]: PR: request list timeout, retries left 2
[sim] [mavros_node-14] [WARN] [1775456732.905184829] [mavros.param]: PR: request list timeout, retries left 1
[sim] [mavros_node-14] [INFO] [1775456733.488333488] [mavros.sys]: FCU: ArduCopter V4.5.7 (b7207551)
[sim] [mavros_node-14] [INFO] [1775456733.488522938] [mavros.sys]: FCU: b623b2c8b384455c808f2b675edab5d3
[mavros_node-14] [INFO] [1775456733.488626965] [mavros.sys]: FCU: Frame: QUAD/X
[sim] [mavros_node-14] [INFO] [1775456733.488703791] [mavros.sys]: FCU: ArduCopter V4.5.7 (b7207551)
[mavros_node-14] [INFO] [1775456733.488765789] [mavros.sys]: FCU: b623b2c8b384455c808f2b675edab5d3
[mavros_node-14] [INFO] [1775456733.488830021] [mavros.sys]: FCU: Frame: QUAD/X
[mavros_node-14] [INFO] [1775456733.488898832] [mavros.sys]: FCU: ArduCopter V4.5.7 (b7207551)
[mavros_node-14] [INFO] [1775456733.488962673] [mavros.sys]: FCU: b623b2c8b384455c808f2b675edab5d3
[mavros_node-14] [INFO] [1775456733.489020232] [mavros.sys]: FCU: Frame: QUAD/X
[sim] [mavros_node-14] [WARN] [1775456733.905970398] [mavros.param]: PR: request list timeout, retries left 0
[sim] [mavros_node-14] [INFO] [1775456737.456890995] [mavros.sys]: FCU: ArduCopter V4.5.7 (b7207551)
[sim] [mavros_node-14] [INFO] [1775456737.457465667] [mavros.sys]: FCU: b623b2c8b384455c808f2b675edab5d3
[sim] [mavros_node-14] [INFO] [1775456737.457607556] [mavros.sys]: FCU: Frame: QUAD/X
[sim] [mavros_node-14] [ERROR] [1775456742.901258097] [mavros.param]: PR: request param #0 completely missing.
[mavros_node-14] [WARN] [1775456742.901419794] [mavros.param]: PR: 1422 params still missing, trying to request next: #1
[sim] [mavros_node-14] [WARN] [1775456743.902328317] [mavros.param]: PR: request param #1 timeout, retries left 2, and 1422 params still missing
[sim] [mavros_node-14] [WARN] [1775456744.902630193] [mavros.param]: PR: request param #1 timeout, retries left 1, and 1422 params still missing
[sim] [ERROR] [mavros_node-14]: process has died [pid 4168, exit code -9, cmd '/opt/ros/humble/lib/mavros/mavros_node --ros-args --params-file /tmp/launch_params_ng1c7d8p --params-file /tmp/launch_params_i9l9n8i0 --params-file /vx01_ws/install/vx01_bringup/share/vx01_bringup/config/mavros_sim_config.yaml --params-file /tmp/launch_params_9w4sr3dp --params-file /tmp/launch_params_q8o6yn_b --params-file /tmp/launch_params_fg_86ip1 --params-file /tmp/launch_params_wkfa8rq9 --params-file /tmp/launch_params_3dgdinid'].
[sim] [arducopter-4] Closed connection on SERIAL0
[sim] [arducopter-4] New connection on SERIAL0
[sim] [arducopter-4] Closed connection on SERIAL0
[sim] [INFO] [ign gazebo-2]: process has finished cleanly [pid 3784]
[sim] [INFO] [launch]: process[ign gazebo-2] was required: shutting down launched system
[sim] [INFO] [web_video_server-17]: sending signal 'SIGINT' to process[web_video_server-17]
[sim] [INFO] [aerial_controller_node-16]: sending signal 'SIGINT' to process[aerial_controller_node-16]
[sim] [INFO] [mode_manager_node-15]: sending signal 'SIGINT' to process[mode_manager_node-15]
[sim] [INFO] [arducopter-4]: sending signal 'SIGINT' to process[arducopter-4]
[sim] [INFO] [parameter_bridge-3]: sending signal 'SIGINT' to process[parameter_bridge-3]
[sim] [INFO] [robot_state_publisher-1]: sending signal 'SIGINT' to process[robot_state_publisher-1]
[sim] [ERROR] [arducopter-4]: process has died [pid 3788, exit code -2, cmd '/ardupilot/build/sitl/bin/arducopter -S --model JSON --speedup 1 --slave 0 --defaults /ardupilot/Tools/autotest/default_params/copter.parm,/ardupilot/Tools/autotest/default_params/gazebo-iris.parm,/vx01_ws/src/vx01_bringup/config/ardupilot_sim_bypass.parm --sim-address 127.0.0.1 -I 0'].
[sim] [web_video_server-17] [INFO] [1775457322.499687398] [rclcpp]: signal_handler(SIGINT/SIGTERM)
[sim] [aerial_controller_node-16] [INFO] [1775457322.502243928] [rclcpp]: signal_handler(SIGINT/SIGTERM)
[sim] [mode_manager_node-15] [INFO] [1775457322.504446833] [rclcpp]: signal_handler(SIGINT/SIGTERM)
[sim] [parameter_bridge-3] [INFO] [1775457322.510697178] [rclcpp]: signal_handler(SIGINT/SIGTERM)
[sim] [robot_state_publisher-1] [INFO] [1775457322.513190198] [rclcpp]: signal_handler(SIGINT/SIGTERM)
[sim] [INFO] [parameter_bridge-3]: process has finished cleanly [pid 3786]
[sim] [INFO] [aerial_controller_node-16]: process has finished cleanly [pid 4172]
[sim] [INFO] [web_video_server-17]: process has finished cleanly [pid 4174]
[sim] [INFO] [mode_manager_node-15]: process has finished cleanly [pid 4170]
[sim] [INFO] [robot_state_publisher-1]: process has finished cleanly [pid 3782]
Process 'sim' exited with code 0
Starting process: sim -> ros2 launch vx01_bringup vx01_hybrid_sim.launch.py
[sim] [INFO] [launch]: All log files can be found below /root/.ros/log/2026-04-06-12-06-15-590096-Gouri-Shankar-4993
[INFO] [launch]: Default logging verbosity is set to INFO
[sim] [INFO] [robot_state_publisher-1]: process started with pid [5021]
[INFO] [ign gazebo-2]: process started with pid [5023]
[sim] [INFO] [parameter_bridge-3]: process started with pid [5025]
[INFO] [arducopter-4]: process started with pid [5027]
[sim] [arducopter-4] Setting SIM_SPEEDUP=1.000000
[sim] [arducopter-4] Starting SITL: JSON
[sim] [arducopter-4] JSON control interface set to 127.0.0.1:9002
[sim] [arducopter-4] Starting sketch 'ArduCopter'
[arducopter-4] Starting SITL input
[sim] [arducopter-4] Using Irlock at port : 9005
[sim] [arducopter-4] Waiting for connection ....
[sim] [arducopter-4] bind port 5760 for SERIAL0
[sim] [arducopter-4] SERIAL0 on TCP port 5760
[sim] [robot_state_publisher-1] [INFO] [1775457376.100942900] [robot_state_publisher]: got segment arm_link_0
[sim] [robot_state_publisher-1] [INFO] [1775457376.101032308] [robot_state_publisher]: got segment arm_link_1
[sim] [robot_state_publisher-1] [INFO] [1775457376.101039682] [robot_state_publisher]: got segment arm_link_2
[robot_state_publisher-1] [INFO] [1775457376.101044832] [robot_state_publisher]: got segment arm_link_3
[sim] [robot_state_publisher-1] [INFO] [1775457376.101049350] [robot_state_publisher]: got segment base_footprint
[robot_state_publisher-1] [INFO] [1775457376.101054259] [robot_state_publisher]: got segment base_link
[robot_state_publisher-1] [INFO] [1775457376.101058918] [robot_state_publisher]: got segment coxa_link_0
[robot_state_publisher-1] [INFO] [1775457376.101063367] [robot_state_publisher]: got segment coxa_link_1
[robot_state_publisher-1] [INFO] [1775457376.101067895] [robot_state_publisher]: got segment coxa_link_2
[robot_state_publisher-1] [INFO] [1775457376.101072263] [robot_state_publisher]: got segment coxa_link_3
[robot_state_publisher-1] [INFO] [1775457376.101076501] [robot_state_publisher]: got segment coxa_link_4
[robot_state_publisher-1] [INFO] [1775457376.101080769] [robot_state_publisher]: got segment coxa_link_5
[sim] [robot_state_publisher-1] [INFO] [1775457376.101085087] [robot_state_publisher]: got segment depth_camera_link
[robot_state_publisher-1] [INFO] [1775457376.101089546] [robot_state_publisher]: got segment depth_camera_optical_frame
[robot_state_publisher-1] [INFO] [1775457376.101094184] [robot_state_publisher]: got segment femur_link_0
[sim] [robot_state_publisher-1] [INFO] [1775457376.101098663] [robot_state_publisher]: got segment femur_link_1
[sim] [robot_state_publisher-1] [INFO] [1775457376.101103031] [robot_state_publisher]: got segment femur_link_2
[sim] [robot_state_publisher-1] [INFO] [1775457376.101107289] [robot_state_publisher]: got segment femur_link_3
[robot_state_publisher-1] [INFO] [1775457376.101111507] [robot_state_publisher]: got segment femur_link_4
[sim] [robot_state_publisher-1] [INFO] [1775457376.101115775] [robot_state_publisher]: got segment femur_link_5
[robot_state_publisher-1] [INFO] [1775457376.101120013] [robot_state_publisher]: got segment imu_link
[robot_state_publisher-1] [INFO] [1775457376.101124291] [robot_state_publisher]: got segment motor_link_0
[robot_state_publisher-1] [INFO] [1775457376.101128579] [robot_state_publisher]: got segment motor_link_1
[robot_state_publisher-1] [INFO] [1775457376.101132847] [robot_state_publisher]: got segment motor_link_2
[robot_state_publisher-1] [INFO] [1775457376.101137105] [robot_state_publisher]: got segment motor_link_3
[sim] [robot_state_publisher-1] [INFO] [1775457376.101141323] [robot_state_publisher]: got segment prop_link_0
[robot_state_publisher-1] [INFO] [1775457376.101145531] [robot_state_publisher]: got segment prop_link_1
[sim] [robot_state_publisher-1] [INFO] [1775457376.101149749] [robot_state_publisher]: got segment prop_link_2
[sim] [robot_state_publisher-1] [INFO] [1775457376.101153977] [robot_state_publisher]: got segment prop_link_3
[robot_state_publisher-1] [INFO] [1775457376.101158185] [robot_state_publisher]: got segment tf_mini_link
[sim] [robot_state_publisher-1] [INFO] [1775457376.101162393] [robot_state_publisher]: got segment tibia_link_0
[robot_state_publisher-1] [INFO] [1775457376.101166580] [robot_state_publisher]: got segment tibia_link_1
[sim] [robot_state_publisher-1] [INFO] [1775457376.101170939] [robot_state_publisher]: got segment tibia_link_2
[robot_state_publisher-1] [INFO] [1775457376.101175507] [robot_state_publisher]: got segment tibia_link_3
[sim] [robot_state_publisher-1] [INFO] [1775457376.101179795] [robot_state_publisher]: got segment tibia_link_4
[sim] [robot_state_publisher-1] [INFO] [1775457376.101183993] [robot_state_publisher]: got segment tibia_link_5
[sim] [ign gazebo-2] QStandardPaths: XDG_RUNTIME_DIR not set, defaulting to '/tmp/runtime-root'
[sim] [parameter_bridge-3] [INFO] [1775457377.125324528] [vx01_bridge]: Creating GZ->ROS Bridge: [/clock (ignition.msgs.Clock) -> /clock (rosgraph_msgs/msg/Clock)] (Lazy 0)
[sim] [parameter_bridge-3] [INFO] [1775457377.126083384] [vx01_bridge]: Creating GZ->ROS Bridge: [/world/empty/model/vx01/link/base_footprint/sensor/imu_sensor/imu (ignition.msgs.IMU) -> /imu/data (sensor_msgs/msg/Imu)] (Lazy 0)
[sim] [parameter_bridge-3] [INFO] [1775457377.127649587] [vx01_bridge]: Creating GZ->ROS Bridge: [/depth_camera/image (ignition.msgs.Image) -> /depth_camera/color/image_raw (sensor_msgs/msg/Image)] (Lazy 0)
[sim] [parameter_bridge-3] [INFO] [1775457377.128171809] [vx01_bridge]: Creating GZ->ROS Bridge: [/depth_camera/depth_image (ignition.msgs.Image) -> /depth_camera/depth/image_raw (sensor_msgs/msg/Image)] (Lazy 0)
[sim] [parameter_bridge-3] [INFO] [1775457377.128715560] [vx01_bridge]: Creating GZ->ROS Bridge: [/depth_camera/camera_info (ignition.msgs.CameraInfo) -> /depth_camera/camera_info (sensor_msgs/msg/CameraInfo)] (Lazy 0)
[sim] [parameter_bridge-3] [INFO] [1775457377.129277276] [vx01_bridge]: Creating GZ->ROS Bridge: [/depth_camera/points (ignition.msgs.PointCloudPacked) -> /depth_camera/points (sensor_msgs/msg/PointCloud2)] (Lazy 0)
[sim] [parameter_bridge-3] [INFO] [1775457377.129795640] [vx01_bridge]: Creating GZ->ROS Bridge: [/lidar/scan (ignition.msgs.LaserScan) -> /lidar/scan (sensor_msgs/msg/LaserScan)] (Lazy 0)
[sim] [parameter_bridge-3] [INFO] [1775457377.130271023] [vx01_bridge]: Creating GZ->ROS Bridge: [/tf_mini/scan (ignition.msgs.LaserScan) -> /tf_mini/scan (sensor_msgs/msg/LaserScan)] (Lazy 0)
[sim] [INFO] [create-5]: process started with pid [5180]
[sim] [create-5] [INFO] [1775457381.118876623] [spawn_vx01]: Requesting list of world names.
[sim] [create-5] [INFO] [1775457381.326655196] [spawn_vx01]: Waiting messages on topic [robot_description].
[sim] [create-5] [INFO] [1775457381.329600511] [spawn_vx01]: Requested creation of entity.
[create-5] [INFO] [1775457381.329639605] [spawn_vx01]: OK creation of entity.
[sim] [ign gazebo-2] [INFO] [1775457381.512084407] [GazeboSimROS2ControlPlugin]: robot_param_node is robot_state_publisher
[ign gazebo-2] [INFO] [1775457381.512113001] [GazeboSimROS2ControlPlugin]: robot_param_node is robot_description
[sim] [ign gazebo-2] [INFO] [1775457381.520989212] [gz_ros2_control]: connected to service!! robot_state_publisher asking for robot_description
[sim] [ign gazebo-2] [INFO] [1775457381.521889534] [gz_ros2_control]: Received URDF from param server
[sim] [INFO] [create-5]: process has finished cleanly [pid 5180]
[sim] [ign gazebo-2] [INFO] [1775457381.529943049] [gz_ros2_control]: The position_proportional_gain has been set to: 0.1
[sim] [ign gazebo-2] [INFO] [1775457381.530012129] [gz_ros2_control]: Loading joint: coxa_leg0_joint
[ign gazebo-2] [INFO] [1775457381.530022248] [gz_ros2_control]: 	State:
[sim] [ign gazebo-2] [INFO] [1775457381.530028840] [gz_ros2_control]: 		 position
[ign gazebo-2] [INFO] [1775457381.530037126] [gz_ros2_control]: 			 found initial value: 0.000000
[sim] [ign gazebo-2] [INFO] [1775457381.530044770] [gz_ros2_control]: 	Command:
[ign gazebo-2] [INFO] [1775457381.530050100] [gz_ros2_control]: 		 position
[sim] [ign gazebo-2] [INFO] [1775457381.530073514] [gz_ros2_control]: Loading joint: femur_leg0_joint
[sim] [ign gazebo-2] [INFO] [1775457381.530083443] [gz_ros2_control]: 	State:
[sim] [ign gazebo-2] [INFO] [1775457381.530091709] [gz_ros2_control]: 		 position
[sim] [ign gazebo-2] [INFO] [1775457381.530099854] [gz_ros2_control]: 			 found initial value: -0.785000
[sim] [ign gazebo-2] [INFO] [1775457381.530107057] [gz_ros2_control]: 	Command:
[ign gazebo-2] [INFO] [1775457381.530120252] [gz_ros2_control]: 		 position
[sim] [ign gazebo-2] [INFO] [1775457381.530142624] [gz_ros2_control]: Loading joint: tibia_leg0_joint
[sim] [ign gazebo-2] [INFO] [1775457381.530148986] [gz_ros2_control]: 	State:
[sim] [ign gazebo-2] [INFO] [1775457381.530155529] [gz_ros2_control]: 		 position
[ign gazebo-2] [INFO] [1775457381.530164245] [gz_ros2_control]: 			 found initial value: 0.600000
[ign gazebo-2] [INFO] [1775457381.530175175] [gz_ros2_control]: 	Command:
[ign gazebo-2] [INFO] [1775457381.530184222] [gz_ros2_control]: 		 position
[ign gazebo-2] [INFO] [1775457381.530199782] [gz_ros2_control]: Loading joint: coxa_leg1_joint
[ign gazebo-2] [INFO] [1775457381.530207186] [gz_ros2_control]: 	State:
[ign gazebo-2] [INFO] [1775457381.530216183] [gz_ros2_control]: 		 position
[ign gazebo-2] [INFO] [1775457381.530224909] [gz_ros2_control]: 			 found initial value: 0.000000
[ign gazebo-2] [INFO] [1775457381.530234828] [gz_ros2_control]: 	Command:
[ign gazebo-2] [INFO] [1775457381.530240107] [gz_ros2_control]: 		 position
[ign gazebo-2] [INFO] [1775457381.530252912] [gz_ros2_control]: Loading joint: femur_leg1_joint
[ign gazebo-2] [INFO] [1775457381.530258201] [gz_ros2_control]: 	State:
[ign gazebo-2] [INFO] [1775457381.530263011] [gz_ros2_control]: 		 position
[ign gazebo-2] [INFO] [1775457381.530268250] [gz_ros2_control]: 			 found initial value: -0.785000
[ign gazebo-2] [INFO] [1775457381.530274913] [gz_ros2_control]: 	Command:
[ign gazebo-2] [INFO] [1775457381.530279972] [gz_ros2_control]: 		 position
[ign gazebo-2] [INFO] [1775457381.530292085] [gz_ros2_control]: Loading joint: tibia_leg1_joint
[ign gazebo-2] [INFO] [1775457381.530297155] [gz_ros2_control]: 	State:
[ign gazebo-2] [INFO] [1775457381.530310109] [gz_ros2_control]: 		 position
[ign gazebo-2] [INFO] [1775457381.530315479] [gz_ros2_control]: 			 found initial value: 0.600000
[ign gazebo-2] [INFO] [1775457381.530321110] [gz_ros2_control]: 	Command:
[ign gazebo-2] [INFO] [1775457381.530325799] [gz_ros2_control]: 		 position
[ign gazebo-2] [INFO] [1775457381.530338442] [gz_ros2_control]: Loading joint: coxa_leg2_joint
[ign gazebo-2] [INFO] [1775457381.530343592] [gz_ros2_control]: 	State:
[ign gazebo-2] [INFO] [1775457381.530348251] [gz_ros2_control]: 		 position
[ign gazebo-2] [INFO] [1775457381.530356737] [gz_ros2_control]: 			 found initial value: 0.000000
[ign gazebo-2] [INFO] [1775457381.530365744] [gz_ros2_control]: 	Command:
[ign gazebo-2] [INFO] [1775457381.530370823] [gz_ros2_control]: 		 position
[ign gazebo-2] [INFO] [1775457381.530383377] [gz_ros2_control]: Loading joint: femur_leg2_joint
[ign gazebo-2] [INFO] [1775457381.530391081] [gz_ros2_control]: 	State:
[ign gazebo-2] [INFO] [1775457381.530395850] [gz_ros2_control]: 		 position
[ign gazebo-2] [INFO] [1775457381.530400529] [gz_ros2_control]: 			 found initial value: -0.785000
[ign gazebo-2] [INFO] [1775457381.530406140] [gz_ros2_control]: 	Command:
[ign gazebo-2] [INFO] [1775457381.530410908] [gz_ros2_control]: 		 position
[ign gazebo-2] [INFO] [1775457381.530422530] [gz_ros2_control]: Loading joint: tibia_leg2_joint
[ign gazebo-2] [INFO] [1775457381.530427720] [gz_ros2_control]: 	State:
[ign gazebo-2] [INFO] [1775457381.530434924] [gz_ros2_control]: 		 position
[ign gazebo-2] [INFO] [1775457381.530443971] [gz_ros2_control]: 			 found initial value: 0.600000
[ign gazebo-2] [INFO] [1775457381.530450383] [gz_ros2_control]: 	Command:
[ign gazebo-2] [INFO] [1775457381.530455182] [gz_ros2_control]: 		 position
[ign gazebo-2] [INFO] [1775457381.530467705] [gz_ros2_control]: Loading joint: coxa_leg3_joint
[ign gazebo-2] [INFO] [1775457381.530472845] [gz_ros2_control]: 	State:
[ign gazebo-2] [INFO] [1775457381.530477534] [gz_ros2_control]: 		 position
[ign gazebo-2] [INFO] [1775457381.530506117] [gz_ros2_control]: 			 found initial value: 0.000000
[ign gazebo-2] [INFO] [1775457381.530514263] [gz_ros2_control]: 	Command:
[ign gazebo-2] [INFO] [1775457381.530520064] [gz_ros2_control]: 		 position
[ign gazebo-2] [INFO] [1775457381.530533940] [gz_ros2_control]: Loading joint: femur_leg3_joint
[ign gazebo-2] [INFO] [1775457381.530539430] [gz_ros2_control]: 	State:
[ign gazebo-2] [INFO] [1775457381.530545421] [gz_ros2_control]: 		 position
[ign gazebo-2] [INFO] [1775457381.530550491] [gz_ros2_control]: 			 found initial value: -0.785000
[ign gazebo-2] [INFO] [1775457381.530556111] [gz_ros2_control]: 	Command:
[ign gazebo-2] [INFO] [1775457381.530560890] [gz_ros2_control]: 		 position
[ign gazebo-2] [INFO] [1775457381.530571991] [gz_ros2_control]: Loading joint: tibia_leg3_joint
[ign gazebo-2] [INFO] [1775457381.530577371] [gz_ros2_control]: 	State:
[ign gazebo-2] [INFO] [1775457381.530582351] [gz_ros2_control]: 		 position
[ign gazebo-2] [INFO] [1775457381.530587009] [gz_ros2_control]: 			 found initial value: 0.600000
[ign gazebo-2] [INFO] [1775457381.530592440] [gz_ros2_control]: 	Command:
[ign gazebo-2] [INFO] [1775457381.530597219] [gz_ros2_control]: 		 position
[ign gazebo-2] [INFO] [1775457381.530609071] [gz_ros2_control]: Loading joint: coxa_leg4_joint
[ign gazebo-2] [INFO] [1775457381.530614211] [gz_ros2_control]: 	State:
[sim] [ign gazebo-2] [INFO] [1775457381.530618839] [gz_ros2_control]: 		 position
[ign gazebo-2] [INFO] [1775457381.530623278] [gz_ros2_control]: 			 found initial value: 0.000000
[ign gazebo-2] [INFO] [1775457381.530628738] [gz_ros2_control]: 	Command:
[ign gazebo-2] [INFO] [1775457381.530633367] [gz_ros2_control]: 		 position
[ign gazebo-2] [INFO] [1775457381.530646211] [gz_ros2_control]: Loading joint: femur_leg4_joint
[ign gazebo-2] [INFO] [1775457381.530655518] [gz_ros2_control]: 	State:
[ign gazebo-2] [INFO] [1775457381.530661890] [gz_ros2_control]: 		 position
[ign gazebo-2] [INFO] [1775457381.530666769] [gz_ros2_control]: 			 found initial value: -0.785000
[ign gazebo-2] [INFO] [1775457381.530672400] [gz_ros2_control]: 	Command:
[sim] [ign gazebo-2] [INFO] [1775457381.530677119] [gz_ros2_control]: 		 position
[sim] [ign gazebo-2] [INFO] [1775457381.530689702] [gz_ros2_control]: Loading joint: tibia_leg4_joint
[ign gazebo-2] [INFO] [1775457381.530694802] [gz_ros2_control]: 	State:
[sim] [ign gazebo-2] [INFO] [1775457381.530700012] [gz_ros2_control]: 		 position
[ign gazebo-2] [INFO] [1775457381.530704660] [gz_ros2_control]: 			 found initial value: 0.600000
[sim] [ign gazebo-2] [INFO] [1775457381.530710071] [gz_ros2_control]: 	Command:
[sim] [ign gazebo-2] [INFO] [1775457381.530714709] [gz_ros2_control]: 		 position
[ign gazebo-2] [INFO] [1775457381.530727183] [gz_ros2_control]: Loading joint: coxa_leg5_joint
[sim] [ign gazebo-2] [INFO] [1775457381.530736320] [gz_ros2_control]: 	State:
[ign gazebo-2] [INFO] [1775457381.530741500] [gz_ros2_control]: 		 position
[sim] [ign gazebo-2] [INFO] [1775457381.530746158] [gz_ros2_control]: 			 found initial value: 0.000000
[sim] [ign gazebo-2] [INFO] [1775457381.530751639] [gz_ros2_control]: 	Command:
[sim] [ign gazebo-2] [INFO] [1775457381.530756408] [gz_ros2_control]: 		 position
[ign gazebo-2] [INFO] [1775457381.530768250] [gz_ros2_control]: Loading joint: femur_leg5_joint
[sim] [ign gazebo-2] [INFO] [1775457381.530773400] [gz_ros2_control]: 	State:
[ign gazebo-2] [INFO] [1775457381.530778189] [gz_ros2_control]: 		 position
[sim] [ign gazebo-2] [INFO] [1775457381.530783569] [gz_ros2_control]: 			 found initial value: -0.785000
[sim] [ign gazebo-2] [INFO] [1775457381.530789169] [gz_ros2_control]: 	Command:
[sim] [ign gazebo-2] [INFO] [1775457381.530793998] [gz_ros2_control]: 		 position
[sim] [ign gazebo-2] [INFO] [1775457381.530807744] [gz_ros2_control]: Loading joint: tibia_leg5_joint
[sim] [ign gazebo-2] [INFO] [1775457381.530817693] [gz_ros2_control]: 	State:
[sim] [ign gazebo-2] [INFO] [1775457381.530824666] [gz_ros2_control]: 		 position
[sim] [ign gazebo-2] [INFO] [1775457381.530829766] [gz_ros2_control]: 			 found initial value: 0.600000
[sim] [ign gazebo-2] [INFO] [1775457381.530835416] [gz_ros2_control]: 	Command:
[sim] [ign gazebo-2] [INFO] [1775457381.530840446] [gz_ros2_control]: 		 position
[sim] [ign gazebo-2] [INFO] [1775457381.530856907] [gz_ros2_control]: Loading joint: arm_joint0
[ign gazebo-2] [INFO] [1775457381.530862207] [gz_ros2_control]: 	State:
[sim] [ign gazebo-2] [INFO] [1775457381.530867076] [gz_ros2_control]: 		 position
[sim] [ign gazebo-2] [INFO] [1775457381.530871805] [gz_ros2_control]: 			 found initial value: 0.000000
[sim] [ign gazebo-2] [INFO] [1775457381.530877074] [gz_ros2_control]: 	Command:
[sim] [ign gazebo-2] [INFO] [1775457381.530881994] [gz_ros2_control]: 		 position
[sim] [ign gazebo-2] [INFO] [1775457381.530897803] [gz_ros2_control]: Loading joint: arm_joint1
[sim] [ign gazebo-2] [INFO] [1775457381.530903975] [gz_ros2_control]: 	State:
[sim] [ign gazebo-2] [INFO] [1775457381.530909005] [gz_ros2_control]: 		 position
[sim] [ign gazebo-2] [INFO] [1775457381.530913573] [gz_ros2_control]: 			 found initial value: 0.000000
[sim] [ign gazebo-2] [INFO] [1775457381.530928641] [gz_ros2_control]: 	Command:
[sim] [ign gazebo-2] [INFO] [1775457381.530934222] [gz_ros2_control]: 		 position
[sim] [ign gazebo-2] [INFO] [1775457381.530947196] [gz_ros2_control]: Loading joint: arm_joint2
[ign gazebo-2] [INFO] [1775457381.530952446] [gz_ros2_control]: 	State:
[sim] [ign gazebo-2] [INFO] [1775457381.530957506] [gz_ros2_control]: 		 position
[sim] [ign gazebo-2] [INFO] [1775457381.530962265] [gz_ros2_control]: 			 found initial value: 0.000000
[ign gazebo-2] [INFO] [1775457381.530967865] [gz_ros2_control]: 	Command:
[sim] [ign gazebo-2] [INFO] [1775457381.530972464] [gz_ros2_control]: 		 position
[sim] [ign gazebo-2] [INFO] [1775457381.530985448] [gz_ros2_control]: Loading joint: arm_joint3
[ign gazebo-2] [INFO] [1775457381.530990498] [gz_ros2_control]: 	State:
[ign gazebo-2] [INFO] [1775457381.530995277] [gz_ros2_control]: 		 position
[ign gazebo-2] [INFO] [1775457381.530999765] [gz_ros2_control]: 			 found initial value: 0.000000
[sim] [ign gazebo-2] [INFO] [1775457381.531005065] [gz_ros2_control]: 	Command:
[ign gazebo-2] [INFO] [1775457381.531009734] [gz_ros2_control]: 		 position
[sim] [ign gazebo-2] [INFO] [1775457381.531020173] [gz_ros2_control]: Loading joint: prop_0
[sim] [ign gazebo-2] [INFO] [1775457381.531025123] [gz_ros2_control]: 	State:
[sim] [ign gazebo-2] [INFO] [1775457381.531029942] [gz_ros2_control]: 		 velocity
[sim] [ign gazebo-2] [INFO] [1775457381.531034821] [gz_ros2_control]: 		 position
[ign gazebo-2] [INFO] [1775457381.531039580] [gz_ros2_control]: 	Command:
[sim] [ign gazebo-2] [INFO] [1775457381.531044349] [gz_ros2_control]: 		 velocity
[sim] [ign gazebo-2] [INFO] [1775457381.531067733] [gz_ros2_control]: Loading joint: prop_1
[sim] [ign gazebo-2] [INFO] [1775457381.531074235] [gz_ros2_control]: 	State:
[sim] [ign gazebo-2] [INFO] [1775457381.531079034] [gz_ros2_control]: 		 velocity
[sim] [ign gazebo-2] [INFO] [1775457381.531083773] [gz_ros2_control]: 		 position
[sim] [ign gazebo-2] [INFO] [1775457381.531088502] [gz_ros2_control]: 	Command:
[sim] [ign gazebo-2] [INFO] [1775457381.531093110] [gz_ros2_control]: 		 velocity
[sim] [ign gazebo-2] [INFO] [1775457381.531105724] [gz_ros2_control]: Loading joint: prop_2
[sim] [ign gazebo-2] [INFO] [1775457381.531110834] [gz_ros2_control]: 	State:
[sim] [ign gazebo-2] [INFO] [1775457381.531115623] [gz_ros2_control]: 		 velocity
[sim] [ign gazebo-2] [INFO] [1775457381.531120302] [gz_ros2_control]: 		 position
[sim] [ign gazebo-2] [INFO] [1775457381.531124880] [gz_ros2_control]: 	Command:
[sim] [ign gazebo-2] [INFO] [1775457381.531132925] [gz_ros2_control]: 		 velocity
[sim] [ign gazebo-2] [INFO] [1775457381.531148004] [gz_ros2_control]: Loading joint: prop_3
[sim] [ign gazebo-2] [INFO] [1775457381.531154686] [gz_ros2_control]: 	State:
[sim] [ign gazebo-2] [INFO] [1775457381.531162391] [gz_ros2_control]: 		 velocity
[sim] [ign gazebo-2] [INFO] [1775457381.531167350] [gz_ros2_control]: 		 position
[sim] [ign gazebo-2] [INFO] [1775457381.531172099] [gz_ros2_control]: 	Command:
[sim] [ign gazebo-2] [INFO] [1775457381.531176788] [gz_ros2_control]: 		 velocity
[sim] [ign gazebo-2] [INFO] [1775457381.531255075] [gz_ros2_control]: Loading sensor: imu_sensor
[sim] [ign gazebo-2] [INFO] [1775457381.531270063] [gz_ros2_control]: 	State:
[sim] [ign gazebo-2] [INFO] [1775457381.531342439] [resource_manager]: Initialize hardware 'vx01_hardware' 
[ign gazebo-2] [WARN] [1775457381.531375982] [gz_ros2_control]: The ign_ros2_control plugin got renamed to gz_ros2_control.
[sim] [ign gazebo-2] Update the <ros2_control> tag and gazebo plugin to
[ign gazebo-2] <hardware>
[ign gazebo-2]   <plugin>gz_ros2_control/GazeboSimSystem</plugin>
[ign gazebo-2] </hardware>
[sim] [ign gazebo-2] <gazebo>
[sim] [ign gazebo-2]   <plugin filename="gz_ros2_control-system"name="gz_ros2_control::GazeboSimROS2ControlPlugin">
[sim] [ign gazebo-2]     ...
[sim] [ign gazebo-2]   </plugin>
[ign gazebo-2] </gazebo>
[sim] [ign gazebo-2] [INFO] [1775457381.531425245] [resource_manager]: Successful initialization of hardware 'vx01_hardware'
[ign gazebo-2] [INFO] [1775457381.531463917] [resource_manager]: 'configure' hardware 'vx01_hardware' 
[ign gazebo-2] [INFO] [1775457381.531468696] [gz_ros2_control]: System Successfully configured!
[sim] [ign gazebo-2] [INFO] [1775457381.531478495] [resource_manager]: Successful 'configure' of hardware 'vx01_hardware'
[sim] [ign gazebo-2] [INFO] [1775457381.531487792] [resource_manager]: 'activate' hardware 'vx01_hardware' 
[sim] [ign gazebo-2] [INFO] [1775457381.531491499] [resource_manager]: Successful 'activate' of hardware 'vx01_hardware'
[sim] [ign gazebo-2] [INFO] [1775457381.531496098] [gz_ros2_control]: Loading controller_manager
[sim] [ign gazebo-2] [INFO] [1775457383.902588279] [gz_ros2_control]: IMU imu_sensor has a topic name: world/empty/model/vx01/link/base_footprint/sensor/imu_sensor/imu
[sim] [INFO] [spawner-6]: process started with pid [5299]
[sim] [ign gazebo-2] [INFO] [1775457384.272201662] [controller_manager]: Loading controller 'joint_state_broadcaster'
[sim] [spawner-6] [INFO] [1775457384.525094522] [joint_state_broadcaster_spawner]: [94mLoaded [1mjoint_state_broadcaster[0m
[sim] [ign gazebo-2] [INFO] [1775457384.526655907] [controller_manager]: Configuring controller 'joint_state_broadcaster'
[sim] [ign gazebo-2] [INFO] [1775457384.526854951] [joint_state_broadcaster]: 'joints' or 'interfaces' parameter is empty. All available state interfaces will be published
[sim] [spawner-6] [INFO] [1775457384.590845546] [joint_state_broadcaster_spawner]: [92mConfigured and activated [1mjoint_state_broadcaster[0m
[sim] [INFO] [spawner-6]: process has finished cleanly [pid 5299]
[sim] [INFO] [spawner-7]: process started with pid [5314]
[sim] [ign gazebo-2] [INFO] [1775457385.058144546] [controller_manager]: Loading controller 'leg_0_controller'
[sim] [ign gazebo-2] [WARN] [1775457385.068184686] [leg_0_controller]: [Deprecated]: "allow_nonzero_velocity_at_trajectory_end" is set to true. The default behavior will change to false.
[sim] [spawner-7] [INFO] [1775457385.103954593] [leg_0_controller_spawner]: [94mLoaded [1mleg_0_controller[0m
[sim] [ign gazebo-2] [INFO] [1775457385.105131615] [controller_manager]: Configuring controller 'leg_0_controller'
[sim] [ign gazebo-2] [INFO] [1775457385.105317575] [leg_0_controller]: No specific joint names are used for command interfaces. Using 'joints' parameter.
[ign gazebo-2] [INFO] [1775457385.105359353] [leg_0_controller]: Command interfaces are [position] and state interfaces are [position].
[sim] [ign gazebo-2] [INFO] [1775457385.105392215] [leg_0_controller]: Using 'splines' interpolation method.
[sim] [ign gazebo-2] [INFO] [1775457385.106187610] [leg_0_controller]: Controller state will be published at 50.00 Hz.
[sim] [ign gazebo-2] [INFO] [1775457385.108043548] [leg_0_controller]: Action status changes will be monitored at 20.00 Hz.
[sim] [spawner-7] [INFO] [1775457385.245665120] [leg_0_controller_spawner]: [92mConfigured and activated [1mleg_0_controller[0m
[sim] [INFO] [spawner-7]: process has finished cleanly [pid 5314]
[sim] [INFO] [spawner-8]: process started with pid [5329]
[sim] [ign gazebo-2] [INFO] [1775457385.766740152] [controller_manager]: Loading controller 'leg_1_controller'
[sim] [ign gazebo-2] [WARN] [1775457385.774710511] [leg_1_controller]: [Deprecated]: "allow_nonzero_velocity_at_trajectory_end" is set to true. The default behavior will change to false.
[sim] [spawner-8] [INFO] [1775457385.803047509] [leg_1_controller_spawner]: [94mLoaded [1mleg_1_controller[0m
[sim] [ign gazebo-2] [INFO] [1775457385.804915560] [controller_manager]: Configuring controller 'leg_1_controller'
[sim] [ign gazebo-2] [INFO] [1775457385.805366257] [leg_1_controller]: No specific joint names are used for command interfaces. Using 'joints' parameter.
[sim] [ign gazebo-2] [INFO] [1775457385.805454223] [leg_1_controller]: Command interfaces are [position] and state interfaces are [position].
[ign gazebo-2] [INFO] [1775457385.805498055] [leg_1_controller]: Using 'splines' interpolation method.
[sim] [ign gazebo-2] [INFO] [1775457385.806204913] [leg_1_controller]: Controller state will be published at 50.00 Hz.
[sim] [ign gazebo-2] [INFO] [1775457385.808406201] [leg_1_controller]: Action status changes will be monitored at 20.00 Hz.
[sim] [spawner-8] [INFO] [1775457385.907815274] [leg_1_controller_spawner]: [92mConfigured and activated [1mleg_1_controller[0m
[sim] [INFO] [spawner-8]: process has finished cleanly [pid 5329]
[sim] [INFO] [spawner-9]: process started with pid [5344]
[sim] [ign gazebo-2] [INFO] [1775457386.374214387] [controller_manager]: Loading controller 'leg_2_controller'
[sim] [ign gazebo-2] [WARN] [1775457386.382160582] [leg_2_controller]: [Deprecated]: "allow_nonzero_velocity_at_trajectory_end" is set to true. The default behavior will change to false.
[sim] [spawner-9] [INFO] [1775457386.417633983] [leg_2_controller_spawner]: [94mLoaded [1mleg_2_controller[0m
[sim] [ign gazebo-2] [INFO] [1775457386.419101832] [controller_manager]: Configuring controller 'leg_2_controller'
[sim] [ign gazebo-2] [INFO] [1775457386.419448944] [leg_2_controller]: No specific joint names are used for command interfaces. Using 'joints' parameter.
[ign gazebo-2] [INFO] [1775457386.419525067] [leg_2_controller]: Command interfaces are [position] and state interfaces are [position].
[sim] [ign gazebo-2] [INFO] [1775457386.419554933] [leg_2_controller]: Using 'splines' interpolation method.
[sim] [ign gazebo-2] [INFO] [1775457386.420147166] [leg_2_controller]: Controller state will be published at 50.00 Hz.
[sim] [ign gazebo-2] [INFO] [1775457386.422664157] [leg_2_controller]: Action status changes will be monitored at 20.00 Hz.
[sim] [spawner-9] [INFO] [1775457386.521663383] [leg_2_controller_spawner]: [92mConfigured and activated [1mleg_2_controller[0m
[sim] [INFO] [spawner-9]: process has finished cleanly [pid 5344]
[sim] [INFO] [spawner-10]: process started with pid [5359]
[sim] [ign gazebo-2] [INFO] [1775457386.993056064] [controller_manager]: Loading controller 'leg_3_controller'
[sim] [ign gazebo-2] [WARN] [1775457387.000202616] [leg_3_controller]: [Deprecated]: "allow_nonzero_velocity_at_trajectory_end" is set to true. The default behavior will change to false.
[sim] [spawner-10] [INFO] [1775457387.037821711] [leg_3_controller_spawner]: [94mLoaded [1mleg_3_controller[0m
[sim] [ign gazebo-2] [INFO] [1775457387.039251488] [controller_manager]: Configuring controller 'leg_3_controller'
[sim] [ign gazebo-2] [INFO] [1775457387.039478565] [leg_3_controller]: No specific joint names are used for command interfaces. Using 'joints' parameter.
[sim] [ign gazebo-2] [INFO] [1775457387.039499264] [leg_3_controller]: Command interfaces are [position] and state interfaces are [position].
[ign gazebo-2] [INFO] [1775457387.039512960] [leg_3_controller]: Using 'splines' interpolation method.
[sim] [ign gazebo-2] [INFO] [1775457387.039966693] [leg_3_controller]: Controller state will be published at 50.00 Hz.
[sim] [ign gazebo-2] [INFO] [1775457387.041571349] [leg_3_controller]: Action status changes will be monitored at 20.00 Hz.
[sim] [spawner-10] [INFO] [1775457387.133297929] [leg_3_controller_spawner]: [92mConfigured and activated [1mleg_3_controller[0m
[sim] [INFO] [spawner-10]: process has finished cleanly [pid 5359]
[sim] [INFO] [spawner-11]: process started with pid [5374]
[sim] [ign gazebo-2] [INFO] [1775457387.638701127] [controller_manager]: Loading controller 'leg_4_controller'
[sim] [ign gazebo-2] [WARN] [1775457387.645486981] [leg_4_controller]: [Deprecated]: "allow_nonzero_velocity_at_trajectory_end" is set to true. The default behavior will change to false.
[sim] [spawner-11] [INFO] [1775457387.684442408] [leg_4_controller_spawner]: [94mLoaded [1mleg_4_controller[0m
[sim] [ign gazebo-2] [INFO] [1775457387.685788738] [controller_manager]: Configuring controller 'leg_4_controller'
[sim] [ign gazebo-2] [INFO] [1775457387.686103630] [leg_4_controller]: No specific joint names are used for command interfaces. Using 'joints' parameter.
[ign gazebo-2] [INFO] [1775457387.686153504] [leg_4_controller]: Command interfaces are [position] and state interfaces are [position].
[sim] [ign gazebo-2] [INFO] [1775457387.686176848] [leg_4_controller]: Using 'splines' interpolation method.
[sim] [ign gazebo-2] [INFO] [1775457387.686573894] [leg_4_controller]: Controller state will be published at 50.00 Hz.
[sim] [ign gazebo-2] [INFO] [1775457387.688506787] [leg_4_controller]: Action status changes will be monitored at 20.00 Hz.
[sim] [spawner-11] [INFO] [1775457387.753035800] [leg_4_controller_spawner]: [92mConfigured and activated [1mleg_4_controller[0m
[sim] [INFO] [spawner-11]: process has finished cleanly [pid 5374]
[sim] [INFO] [spawner-12]: process started with pid [5389]
[sim] [ign gazebo-2] [INFO] [1775457388.240559420] [controller_manager]: Loading controller 'leg_5_controller'
[sim] [ign gazebo-2] [WARN] [1775457388.247358299] [leg_5_controller]: [Deprecated]: "allow_nonzero_velocity_at_trajectory_end" is set to true. The default behavior will change to false.
[sim] [spawner-12] [INFO] [1775457388.306231173] [leg_5_controller_spawner]: [94mLoaded [1mleg_5_controller[0m
[sim] [ign gazebo-2] [INFO] [1775457388.307883899] [controller_manager]: Configuring controller 'leg_5_controller'
[ign gazebo-2] [INFO] [1775457388.308141784] [leg_5_controller]: No specific joint names are used for command interfaces. Using 'joints' parameter.
[sim] [ign gazebo-2] [INFO] [1775457388.308179524] [leg_5_controller]: Command interfaces are [position] and state interfaces are [position].
[ign gazebo-2] [INFO] [1775457388.308203490] [leg_5_controller]: Using 'splines' interpolation method.
[sim] [ign gazebo-2] [INFO] [1775457388.308622838] [leg_5_controller]: Controller state will be published at 50.00 Hz.
[sim] [ign gazebo-2] [INFO] [1775457388.310755125] [leg_5_controller]: Action status changes will be monitored at 20.00 Hz.
[sim] [spawner-12] [INFO] [1775457388.553548083] [leg_5_controller_spawner]: [92mConfigured and activated [1mleg_5_controller[0m
[sim] [INFO] [spawner-12]: process has finished cleanly [pid 5389]
[sim] [INFO] [spawner-13]: process started with pid [5404]
[sim] [ign gazebo-2] [INFO] [1775457389.031832417] [controller_manager]: Loading controller 'drone_arm_controller'
[sim] [spawner-13] [INFO] [1775457389.085205024] [drone_arm_controller_spawner]: [94mLoaded [1mdrone_arm_controller[0m
[sim] [ign gazebo-2] [INFO] [1775457389.086562956] [controller_manager]: Configuring controller 'drone_arm_controller'
[sim] [ign gazebo-2] [INFO] [1775457389.086811353] [drone_arm_controller]: No specific joint names are used for command interfaces. Using 'joints' parameter.
[ign gazebo-2] [INFO] [1775457389.086862600] [drone_arm_controller]: Command interfaces are [position] and state interfaces are [position].
[sim] [ign gazebo-2] [INFO] [1775457389.086887056] [drone_arm_controller]: Using 'splines' interpolation method.
[sim] [ign gazebo-2] [INFO] [1775457389.087241532] [drone_arm_controller]: Controller state will be published at 50.00 Hz.
[sim] [ign gazebo-2] [INFO] [1775457389.089145861] [drone_arm_controller]: Goals with partial set of joints are allowed
[sim] [ign gazebo-2] [INFO] [1775457389.089172621] [drone_arm_controller]: Action status changes will be monitored at 20.00 Hz.
[sim] [spawner-13] [INFO] [1775457389.311482578] [drone_arm_controller_spawner]: [92mConfigured and activated [1mdrone_arm_controller[0m
[sim] [INFO] [spawner-13]: process has finished cleanly [pid 5404]
[stop-all] Graceful shutdown requested. Running: [sim]
[stop-all] Sent SIGINT to 'sim'
[sim] [WARNING] [launch]: user interrupted with ctrl-c (SIGINT)
[sim] [INFO] [arducopter-4]: sending signal 'SIGINT' to process[arducopter-4]
[sim] [INFO] [parameter_bridge-3]: sending signal 'SIGINT' to process[parameter_bridge-3]
[sim] [INFO] [ign gazebo-2]: sending signal 'SIGINT' to process[ign gazebo-2]
[sim] [ERROR] [arducopter-4]: process has died [pid 5027, exit code -2, cmd '/ardupilot/build/sitl/bin/arducopter -S --model JSON --speedup 1 --slave 0 --defaults /ardupilot/Tools/autotest/default_params/copter.parm,/ardupilot/Tools/autotest/default_params/gazebo-iris.parm,/vx01_ws/src/vx01_bringup/config/ardupilot_sim_bypass.parm --sim-address 127.0.0.1 -I 0'].
[sim] [INFO] [robot_state_publisher-1]: sending signal 'SIGINT' to process[robot_state_publisher-1]
[sim] [parameter_bridge-3] [INFO] [1775457393.900093013] [rclcpp]: signal_handler(SIGINT/SIGTERM)
[sim] [robot_state_publisher-1] [INFO] [1775457393.903570360] [rclcpp]: signal_handler(SIGINT/SIGTERM)
[sim] [INFO] [parameter_bridge-3]: process has finished cleanly [pid 5025]
[sim] [INFO] [robot_state_publisher-1]: process has finished cleanly [pid 5021]
[stop-all] Inner shutdown error: Command failed: docker exec vx01-dev bash -c "pkill -SIGINT -f 'ros2 launch' 2>/dev/null; true && pkill -SIGINT -f 'ros2 run'    2>/dev/null; true && sleep 3 && pkill -SIGKILL -f 'ros2'                  2>/dev/null; true && pkill -SIGKILL -f 'mavros_node'            2>/dev/null; true && pkill -SIGKILL -f 'arducopter'             2>/dev/null; true && pkill -SIGKILL -f 'ign gazebo'             2>/dev/null; true && pkill -SIGKILL -f 'gz sim'                 2>/dev/null; true && pkill -SIGKILL -f 'gzserver'               2>/dev/null; true && pkill -SIGKILL -f 'gzclient'               2>/dev/null; true && pkill -SIGKILL -f 'rosbridge'              2>/dev/null; true && pkill -SIGKILL -f 'web_video_server'       2>/dev/null; true && rm -f /tmp/.ros_*                          2>/dev/null; true && rm -f /root/.ros/log/latest                2>/dev/null; true"

Process 'sim' exited with code null
Starting process: sim -> ros2 launch vx01_bringup vx01_hybrid_sim.launch.py
[sim] [INFO] [launch]: All log files can be found below /root/.ros/log/2026-04-06-12-07-17-318331-Gouri-Shankar-5429
[INFO] [launch]: Default logging verbosity is set to INFO
[sim] [INFO] [robot_state_publisher-1]: process started with pid [5457]
[sim] [INFO] [ign gazebo-2]: process started with pid [5459]
[INFO] [parameter_bridge-3]: process started with pid [5461]
[INFO] [arducopter-4]: process started with pid [5463]
[sim] [arducopter-4] Setting SIM_SPEEDUP=1.000000
[sim] [arducopter-4] Starting SITL: JSON
[sim] [arducopter-4] JSON control interface set to 127.0.0.1:9002
[sim] [arducopter-4] Starting sketch 'ArduCopter'
[arducopter-4] Starting SITL input
[sim] [arducopter-4] Using Irlock at port : 9005
[sim] [arducopter-4] Waiting for connection ....
[sim] [arducopter-4] bind port 5760 for SERIAL0
[sim] [arducopter-4] SERIAL0 on TCP port 5760
[sim] [robot_state_publisher-1] [INFO] [1775457437.811752765] [robot_state_publisher]: got segment arm_link_0
[sim] [robot_state_publisher-1] [INFO] [1775457437.811870867] [robot_state_publisher]: got segment arm_link_1
[sim] [robot_state_publisher-1] [INFO] [1775457437.811880916] [robot_state_publisher]: got segment arm_link_2
[robot_state_publisher-1] [INFO] [1775457437.811885876] [robot_state_publisher]: got segment arm_link_3
[sim] [robot_state_publisher-1] [INFO] [1775457437.811890284] [robot_state_publisher]: got segment base_footprint
[sim] [robot_state_publisher-1] [INFO] [1775457437.811895103] [robot_state_publisher]: got segment base_link
[sim] [robot_state_publisher-1] [INFO] [1775457437.811899521] [robot_state_publisher]: got segment coxa_link_0
[sim] [robot_state_publisher-1] [INFO] [1775457437.811904000] [robot_state_publisher]: got segment coxa_link_1
[sim] [robot_state_publisher-1] [INFO] [1775457437.811908498] [robot_state_publisher]: got segment coxa_link_2
[robot_state_publisher-1] [INFO] [1775457437.811913017] [robot_state_publisher]: got segment coxa_link_3
[sim] [robot_state_publisher-1] [INFO] [1775457437.811917285] [robot_state_publisher]: got segment coxa_link_4
[robot_state_publisher-1] [INFO] [1775457437.811921723] [robot_state_publisher]: got segment coxa_link_5
[sim] [robot_state_publisher-1] [INFO] [1775457437.811925921] [robot_state_publisher]: got segment depth_camera_link
[sim] [robot_state_publisher-1] [INFO] [1775457437.811930389] [robot_state_publisher]: got segment depth_camera_optical_frame
[sim] [robot_state_publisher-1] [INFO] [1775457437.811935138] [robot_state_publisher]: got segment femur_link_0
[sim] [robot_state_publisher-1] [INFO] [1775457437.811939817] [robot_state_publisher]: got segment femur_link_1
[sim] [robot_state_publisher-1] [INFO] [1775457437.811944195] [robot_state_publisher]: got segment femur_link_2
[sim] [robot_state_publisher-1] [INFO] [1775457437.811948664] [robot_state_publisher]: got segment femur_link_3
[sim] [robot_state_publisher-1] [INFO] [1775457437.811952832] [robot_state_publisher]: got segment femur_link_4
[sim] [robot_state_publisher-1] [INFO] [1775457437.811957009] [robot_state_publisher]: got segment femur_link_5
[sim] [robot_state_publisher-1] [INFO] [1775457437.811961328] [robot_state_publisher]: got segment imu_link
[sim] [robot_state_publisher-1] [INFO] [1775457437.811965706] [robot_state_publisher]: got segment motor_link_0
[sim] [robot_state_publisher-1] [INFO] [1775457437.811970144] [robot_state_publisher]: got segment motor_link_1
[sim] [robot_state_publisher-1] [INFO] [1775457437.811974382] [robot_state_publisher]: got segment motor_link_2
[sim] [robot_state_publisher-1] [INFO] [1775457437.811978590] [robot_state_publisher]: got segment motor_link_3
[sim] [robot_state_publisher-1] [INFO] [1775457437.811982838] [robot_state_publisher]: got segment prop_link_0
[sim] [robot_state_publisher-1] [INFO] [1775457437.811987166] [robot_state_publisher]: got segment prop_link_1
[sim] [robot_state_publisher-1] [INFO] [1775457437.811991324] [robot_state_publisher]: got segment prop_link_2
[sim] [robot_state_publisher-1] [INFO] [1775457437.811995492] [robot_state_publisher]: got segment prop_link_3
[sim] [robot_state_publisher-1] [INFO] [1775457437.811999700] [robot_state_publisher]: got segment tf_mini_link
[sim] [robot_state_publisher-1] [INFO] [1775457437.812003938] [robot_state_publisher]: got segment tibia_link_0
[sim] [robot_state_publisher-1] [INFO] [1775457437.812008326] [robot_state_publisher]: got segment tibia_link_1
[sim] [robot_state_publisher-1] [INFO] [1775457437.812012554] [robot_state_publisher]: got segment tibia_link_2
[sim] [robot_state_publisher-1] [INFO] [1775457437.812017784] [robot_state_publisher]: got segment tibia_link_3
[sim] [robot_state_publisher-1] [INFO] [1775457437.812022032] [robot_state_publisher]: got segment tibia_link_4
[sim] [robot_state_publisher-1] [INFO] [1775457437.812026240] [robot_state_publisher]: got segment tibia_link_5
[sim] [ign gazebo-2] QStandardPaths: XDG_RUNTIME_DIR not set, defaulting to '/tmp/runtime-root'
[sim] [parameter_bridge-3] [INFO] [1775457438.839539198] [vx01_bridge]: Creating GZ->ROS Bridge: [/clock (ignition.msgs.Clock) -> /clock (rosgraph_msgs/msg/Clock)] (Lazy 0)
[sim] [parameter_bridge-3] [INFO] [1775457438.840365211] [vx01_bridge]: Creating GZ->ROS Bridge: [/world/empty/model/vx01/link/base_footprint/sensor/imu_sensor/imu (ignition.msgs.IMU) -> /imu/data (sensor_msgs/msg/Imu)] (Lazy 0)
[sim] [parameter_bridge-3] [INFO] [1775457438.841805911] [vx01_bridge]: Creating GZ->ROS Bridge: [/depth_camera/image (ignition.msgs.Image) -> /depth_camera/color/image_raw (sensor_msgs/msg/Image)] (Lazy 0)
[sim] [parameter_bridge-3] [INFO] [1775457438.842384640] [vx01_bridge]: Creating GZ->ROS Bridge: [/depth_camera/depth_image (ignition.msgs.Image) -> /depth_camera/depth/image_raw (sensor_msgs/msg/Image)] (Lazy 0)
[sim] [parameter_bridge-3] [INFO] [1775457438.842801304] [vx01_bridge]: Creating GZ->ROS Bridge: [/depth_camera/camera_info (ignition.msgs.CameraInfo) -> /depth_camera/camera_info (sensor_msgs/msg/CameraInfo)] (Lazy 0)
[sim] [parameter_bridge-3] [INFO] [1775457438.843273241] [vx01_bridge]: Creating GZ->ROS Bridge: [/depth_camera/points (ignition.msgs.PointCloudPacked) -> /depth_camera/points (sensor_msgs/msg/PointCloud2)] (Lazy 0)
[sim] [parameter_bridge-3] [INFO] [1775457438.843742013] [vx01_bridge]: Creating GZ->ROS Bridge: [/lidar/scan (ignition.msgs.LaserScan) -> /lidar/scan (sensor_msgs/msg/LaserScan)] (Lazy 0)
[sim] [parameter_bridge-3] [INFO] [1775457438.844278592] [vx01_bridge]: Creating GZ->ROS Bridge: [/tf_mini/scan (ignition.msgs.LaserScan) -> /tf_mini/scan (sensor_msgs/msg/LaserScan)] (Lazy 0)
[sim] [INFO] [create-5]: process started with pid [5616]
[sim] [create-5] [INFO] [1775457442.832591643] [spawn_vx01]: Requesting list of world names.
[sim] [create-5] [INFO] [1775457443.038863811] [spawn_vx01]: Waiting messages on topic [robot_description].
[sim] [create-5] [INFO] [1775457443.041876598] [spawn_vx01]: Requested creation of entity.
[sim] [create-5] [INFO] [1775457443.041910342] [spawn_vx01]: OK creation of entity.
[sim] [ign gazebo-2] [INFO] [1775457443.211965526] [GazeboSimROS2ControlPlugin]: robot_param_node is robot_state_publisher
[ign gazebo-2] [INFO] [1775457443.212001904] [GazeboSimROS2ControlPlugin]: robot_param_node is robot_description
[sim] [ign gazebo-2] [INFO] [1775457443.219884642] [gz_ros2_control]: connected to service!! robot_state_publisher asking for robot_description
[sim] [ign gazebo-2] [INFO] [1775457443.220825963] [gz_ros2_control]: Received URDF from param server
[sim] [INFO] [create-5]: process has finished cleanly [pid 5616]
[sim] [ign gazebo-2] [INFO] [1775457443.228981485] [gz_ros2_control]: The position_proportional_gain has been set to: 0.1
[sim] [ign gazebo-2] [INFO] [1775457443.229058630] [gz_ros2_control]: Loading joint: coxa_leg0_joint
[sim] [ign gazebo-2] [INFO] [1775457443.229072235] [gz_ros2_control]: 	State:
[sim] [ign gazebo-2] [INFO] [1775457443.229078978] [gz_ros2_control]: 		 position
[ign gazebo-2] [INFO] [1775457443.229087524] [gz_ros2_control]: 			 found initial value: 0.000000
[sim] [ign gazebo-2] [INFO] [1775457443.229095820] [gz_ros2_control]: 	Command:
[sim] [ign gazebo-2] [INFO] [1775457443.229101090] [gz_ros2_control]: 		 position
[sim] [ign gazebo-2] [INFO] [1775457443.229121238] [gz_ros2_control]: Loading joint: femur_leg0_joint
[sim] [ign gazebo-2] [INFO] [1775457443.229126898] [gz_ros2_control]: 	State:
[sim] [ign gazebo-2] [INFO] [1775457443.229131697] [gz_ros2_control]: 		 position
[sim] [ign gazebo-2] [INFO] [1775457443.229137959] [gz_ros2_control]: 			 found initial value: -0.785000
[sim] [ign gazebo-2] [INFO] [1775457443.229144251] [gz_ros2_control]: 	Command:
[sim] [ign gazebo-2] [INFO] [1775457443.229148920] [gz_ros2_control]: 		 position
[sim] [ign gazebo-2] [INFO] [1775457443.229169689] [gz_ros2_control]: Loading joint: tibia_leg0_joint
[sim] [ign gazebo-2] [INFO] [1775457443.229180229] [gz_ros2_control]: 	State:
[sim] [ign gazebo-2] [INFO] [1775457443.229186911] [gz_ros2_control]: 		 position
[sim] [ign gazebo-2] [INFO] [1775457443.229192181] [gz_ros2_control]: 			 found initial value: 0.600000
[sim] [ign gazebo-2] [INFO] [1775457443.229198262] [gz_ros2_control]: 	Command:
[sim] [ign gazebo-2] [INFO] [1775457443.229202851] [gz_ros2_control]: 		 position
[ign gazebo-2] [INFO] [1775457443.229215465] [gz_ros2_control]: Loading joint: coxa_leg1_joint
[sim] [ign gazebo-2] [INFO] [1775457443.229220514] [gz_ros2_control]: 	State:
[ign gazebo-2] [INFO] [1775457443.229225133] [gz_ros2_control]: 		 position
[sim] [ign gazebo-2] [INFO] [1775457443.229229561] [gz_ros2_control]: 			 found initial value: 0.000000
[sim] [ign gazebo-2] [INFO] [1775457443.229234861] [gz_ros2_control]: 	Command:
[sim] [ign gazebo-2] [INFO] [1775457443.229239330] [gz_ros2_control]: 		 position
[sim] [ign gazebo-2] [INFO] [1775457443.229250581] [gz_ros2_control]: Loading joint: femur_leg1_joint
[sim] [ign gazebo-2] [INFO] [1775457443.229255530] [gz_ros2_control]: 	State:
[ign gazebo-2] [INFO] [1775457443.229260299] [gz_ros2_control]: 		 position
[sim] [ign gazebo-2] [INFO] [1775457443.229265128] [gz_ros2_control]: 			 found initial value: -0.785000
[sim] [ign gazebo-2] [INFO] [1775457443.229270629] [gz_ros2_control]: 	Command:
[sim] [ign gazebo-2] [INFO] [1775457443.229275147] [gz_ros2_control]: 		 position
[sim] [ign gazebo-2] [INFO] [1775457443.229287070] [gz_ros2_control]: Loading joint: tibia_leg1_joint
[sim] [ign gazebo-2] [INFO] [1775457443.229291929] [gz_ros2_control]: 	State:
[sim] [ign gazebo-2] [INFO] [1775457443.229296628] [gz_ros2_control]: 		 position
[sim] [ign gazebo-2] [INFO] [1775457443.229306897] [gz_ros2_control]: 			 found initial value: 0.600000
[ign gazebo-2] [INFO] [1775457443.229313129] [gz_ros2_control]: 	Command:
[ign gazebo-2] [INFO] [1775457443.229317797] [gz_ros2_control]: 		 position
[sim] [ign gazebo-2] [INFO] [1775457443.229332956] [gz_ros2_control]: Loading joint: coxa_leg2_joint
[ign gazebo-2] [INFO] [1775457443.229342584] [gz_ros2_control]: 	State:
[sim] [ign gazebo-2] [INFO] [1775457443.229347804] [gz_ros2_control]: 		 position
[ign gazebo-2] [INFO] [1775457443.229352302] [gz_ros2_control]: 			 found initial value: 0.000000
[sim] [ign gazebo-2] [INFO] [1775457443.229357662] [gz_ros2_control]: 	Command:
[sim] [ign gazebo-2] [INFO] [1775457443.229362271] [gz_ros2_control]: 		 position
[sim] [ign gazebo-2] [INFO] [1775457443.229373813] [gz_ros2_control]: Loading joint: femur_leg2_joint
[sim] [ign gazebo-2] [INFO] [1775457443.229379173] [gz_ros2_control]: 	State:
[sim] [ign gazebo-2] [INFO] [1775457443.229383711] [gz_ros2_control]: 		 position
[ign gazebo-2] [INFO] [1775457443.229388460] [gz_ros2_control]: 			 found initial value: -0.785000
[sim] [ign gazebo-2] [INFO] [1775457443.229393911] [gz_ros2_control]: 	Command:
[sim] [ign gazebo-2] [INFO] [1775457443.229398539] [gz_ros2_control]: 		 position
[sim] [ign gazebo-2] [INFO] [1775457443.229412175] [gz_ros2_control]: Loading joint: tibia_leg2_joint
[sim] [ign gazebo-2] [INFO] [1775457443.229419980] [gz_ros2_control]: 	State:
[sim] [ign gazebo-2] [INFO] [1775457443.229424839] [gz_ros2_control]: 		 position
[sim] [ign gazebo-2] [INFO] [1775457443.229430219] [gz_ros2_control]: 			 found initial value: 0.600000
[sim] [ign gazebo-2] [INFO] [1775457443.229436100] [gz_ros2_control]: 	Command:
[sim] [ign gazebo-2] [INFO] [1775457443.229441009] [gz_ros2_control]: 		 position
[sim] [ign gazebo-2] [INFO] [1775457443.229453212] [gz_ros2_control]: Loading joint: coxa_leg3_joint
[sim] [ign gazebo-2] [INFO] [1775457443.229458472] [gz_ros2_control]: 	State:
[sim] [ign gazebo-2] [INFO] [1775457443.229462990] [gz_ros2_control]: 		 position
[sim] [ign gazebo-2] [INFO] [1775457443.229490552] [gz_ros2_control]: 			 found initial value: 0.000000
[sim] [ign gazebo-2] [INFO] [1775457443.229497756] [gz_ros2_control]: 	Command:
[sim] [ign gazebo-2] [INFO] [1775457443.229502485] [gz_ros2_control]: 		 position
[sim] [ign gazebo-2] [INFO] [1775457443.229516301] [gz_ros2_control]: Loading joint: femur_leg3_joint
[sim] [ign gazebo-2] [INFO] [1775457443.229521370] [gz_ros2_control]: 	State:
[sim] [ign gazebo-2] [INFO] [1775457443.229526881] [gz_ros2_control]: 		 position
[sim] [ign gazebo-2] [INFO] [1775457443.229531539] [gz_ros2_control]: 			 found initial value: -0.785000
[sim] [ign gazebo-2] [INFO] [1775457443.229536980] [gz_ros2_control]: 	Command:
[ign gazebo-2] [INFO] [1775457443.229541488] [gz_ros2_control]: 		 position
[sim] [ign gazebo-2] [INFO] [1775457443.229552659] [gz_ros2_control]: Loading joint: tibia_leg3_joint
[sim] [ign gazebo-2] [INFO] [1775457443.229557799] [gz_ros2_control]: 	State:
[ign gazebo-2] [INFO] [1775457443.229562498] [gz_ros2_control]: 		 position
[ign gazebo-2] [INFO] [1775457443.229567046] [gz_ros2_control]: 			 found initial value: 0.600000
[ign gazebo-2] [INFO] [1775457443.229572236] [gz_ros2_control]: 	Command:
[sim] [ign gazebo-2] [INFO] [1775457443.229576714] [gz_ros2_control]: 		 position
[ign gazebo-2] [INFO] [1775457443.229593716] [gz_ros2_control]: Loading joint: coxa_leg4_joint
[sim] [ign gazebo-2] [INFO] [1775457443.229599668] [gz_ros2_control]: 	State:
[sim] [ign gazebo-2] [INFO] [1775457443.229604276] [gz_ros2_control]: 		 position
[sim] [ign gazebo-2] [INFO] [1775457443.229608805] [gz_ros2_control]: 			 found initial value: 0.000000
[sim] [ign gazebo-2] [INFO] [1775457443.229614145] [gz_ros2_control]: 	Command:
[ign gazebo-2] [INFO] [1775457443.229618673] [gz_ros2_control]: 		 position
[ign gazebo-2] [INFO] [1775457443.229632149] [gz_ros2_control]: Loading joint: femur_leg4_joint
[ign gazebo-2] [INFO] [1775457443.229637248] [gz_ros2_control]: 	State:
[ign gazebo-2] [INFO] [1775457443.229641777] [gz_ros2_control]: 		 position
[ign gazebo-2] [INFO] [1775457443.229646265] [gz_ros2_control]: 			 found initial value: -0.785000
[ign gazebo-2] [INFO] [1775457443.229651525] [gz_ros2_control]: 	Command:
[ign gazebo-2] [INFO] [1775457443.229657266] [gz_ros2_control]: 		 position
[ign gazebo-2] [INFO] [1775457443.229673436] [gz_ros2_control]: Loading joint: tibia_leg4_joint
[ign gazebo-2] [INFO] [1775457443.229678877] [gz_ros2_control]: 	State:
[ign gazebo-2] [INFO] [1775457443.229683636] [gz_ros2_control]: 		 position
[ign gazebo-2] [INFO] [1775457443.229688184] [gz_ros2_control]: 			 found initial value: 0.600000
[ign gazebo-2] [INFO] [1775457443.229693845] [gz_ros2_control]: 	Command:
[ign gazebo-2] [INFO] [1775457443.229698463] [gz_ros2_control]: 		 position
[ign gazebo-2] [INFO] [1775457443.229709003] [gz_ros2_control]: Loading joint: coxa_leg5_joint
[ign gazebo-2] [INFO] [1775457443.229713953] [gz_ros2_control]: 	State:
[ign gazebo-2] [INFO] [1775457443.229718641] [gz_ros2_control]: 		 position
[ign gazebo-2] [INFO] [1775457443.229723180] [gz_ros2_control]: 			 found initial value: 0.000000
[ign gazebo-2] [INFO] [1775457443.229728269] [gz_ros2_control]: 	Command:
[ign gazebo-2] [INFO] [1775457443.229733189] [gz_ros2_control]: 		 position
[ign gazebo-2] [INFO] [1775457443.229749990] [gz_ros2_control]: Loading joint: femur_leg5_joint
[ign gazebo-2] [INFO] [1775457443.229755591] [gz_ros2_control]: 	State:
[ign gazebo-2] [INFO] [1775457443.229760350] [gz_ros2_control]: 		 position
[ign gazebo-2] [INFO] [1775457443.229765550] [gz_ros2_control]: 			 found initial value: -0.785000
[ign gazebo-2] [INFO] [1775457443.229771391] [gz_ros2_control]: 	Command:
[ign gazebo-2] [INFO] [1775457443.229776069] [gz_ros2_control]: 		 position
[ign gazebo-2] [INFO] [1775457443.229787621] [gz_ros2_control]: Loading joint: tibia_leg5_joint
[ign gazebo-2] [INFO] [1775457443.229793001] [gz_ros2_control]: 	State:
[ign gazebo-2] [INFO] [1775457443.229797870] [gz_ros2_control]: 		 position
[sim] [ign gazebo-2] [INFO] [1775457443.229802679] [gz_ros2_control]: 			 found initial value: 0.600000
[ign gazebo-2] [INFO] [1775457443.229808180] [gz_ros2_control]: 	Command:
[ign gazebo-2] [INFO] [1775457443.229813440] [gz_ros2_control]: 		 position
[ign gazebo-2] [INFO] [1775457443.229832516] [gz_ros2_control]: Loading joint: arm_joint0
[ign gazebo-2] [INFO] [1775457443.229838457] [gz_ros2_control]: 	State:
[ign gazebo-2] [INFO] [1775457443.229843326] [gz_ros2_control]: 		 position
[sim] [ign gazebo-2] [INFO] [1775457443.229847965] [gz_ros2_control]: 			 found initial value: 0.000000
[sim] [ign gazebo-2] [INFO] [1775457443.229853505] [gz_ros2_control]: 	Command:
[sim] [ign gazebo-2] [INFO] [1775457443.229858104] [gz_ros2_control]: 		 position
[sim] [ign gazebo-2] [INFO] [1775457443.229869505] [gz_ros2_control]: Loading joint: arm_joint1
[sim] [ign gazebo-2] [INFO] [1775457443.229874575] [gz_ros2_control]: 	State:
[sim] [ign gazebo-2] [INFO] [1775457443.229880646] [gz_ros2_control]: 		 position
[sim] [ign gazebo-2] [INFO] [1775457443.229885245] [gz_ros2_control]: 			 found initial value: 0.000000
[sim] [ign gazebo-2] [INFO] [1775457443.229899962] [gz_ros2_control]: 	Command:
[sim] [ign gazebo-2] [INFO] [1775457443.229909701] [gz_ros2_control]: 		 position
[sim] [ign gazebo-2] [INFO] [1775457443.229927945] [gz_ros2_control]: Loading joint: arm_joint2
[sim] [ign gazebo-2] [INFO] [1775457443.229933876] [gz_ros2_control]: 	State:
[sim] [ign gazebo-2] [INFO] [1775457443.229938936] [gz_ros2_control]: 		 position
[sim] [ign gazebo-2] [INFO] [1775457443.229943564] [gz_ros2_control]: 			 found initial value: 0.000000
[ign gazebo-2] [INFO] [1775457443.229949145] [gz_ros2_control]: 	Command:
[sim] [ign gazebo-2] [INFO] [1775457443.229953814] [gz_ros2_control]: 		 position
[sim] [ign gazebo-2] [INFO] [1775457443.229967209] [gz_ros2_control]: Loading joint: arm_joint3
[sim] [ign gazebo-2] [INFO] [1775457443.229972138] [gz_ros2_control]: 	State:
[sim] [ign gazebo-2] [INFO] [1775457443.229976747] [gz_ros2_control]: 		 position
[sim] [ign gazebo-2] [INFO] [1775457443.229981185] [gz_ros2_control]: 			 found initial value: 0.000000
[sim] [ign gazebo-2] [INFO] [1775457443.229986515] [gz_ros2_control]: 	Command:
[sim] [ign gazebo-2] [INFO] [1775457443.229993779] [gz_ros2_control]: 		 position
[sim] [ign gazebo-2] [INFO] [1775457443.230007505] [gz_ros2_control]: Loading joint: prop_0
[sim] [ign gazebo-2] [INFO] [1775457443.230012815] [gz_ros2_control]: 	State:
[sim] [ign gazebo-2] [INFO] [1775457443.230017594] [gz_ros2_control]: 		 velocity
[sim] [ign gazebo-2] [INFO] [1775457443.230022733] [gz_ros2_control]: 		 position
[sim] [ign gazebo-2] [INFO] [1775457443.230027573] [gz_ros2_control]: 	Command:
[sim] [ign gazebo-2] [INFO] [1775457443.230032362] [gz_ros2_control]: 		 velocity
[ign gazebo-2] [INFO] [1775457443.230053010] [gz_ros2_control]: Loading joint: prop_1
[sim] [ign gazebo-2] [INFO] [1775457443.230058190] [gz_ros2_control]: 	State:
[sim] [ign gazebo-2] [INFO] [1775457443.230062879] [gz_ros2_control]: 		 velocity
[sim] [ign gazebo-2] [INFO] [1775457443.230069902] [gz_ros2_control]: 		 position
[sim] [ign gazebo-2] [INFO] [1775457443.230078238] [gz_ros2_control]: 	Command:
[ign gazebo-2] [INFO] [1775457443.230086413] [gz_ros2_control]: 		 velocity
[sim] [ign gazebo-2] [INFO] [1775457443.230099919] [gz_ros2_control]: Loading joint: prop_2
[sim] [ign gazebo-2] [INFO] [1775457443.230105028] [gz_ros2_control]: 	State:
[ign gazebo-2] [INFO] [1775457443.230109807] [gz_ros2_control]: 		 velocity
[sim] [ign gazebo-2] [INFO] [1775457443.230114516] [gz_ros2_control]: 		 position
[sim] [ign gazebo-2] [INFO] [1775457443.230119185] [gz_ros2_control]: 	Command:
[ign gazebo-2] [INFO] [1775457443.230123763] [gz_ros2_control]: 		 velocity
[ign gazebo-2] [INFO] [1775457443.230135826] [gz_ros2_control]: Loading joint: prop_3
[sim] [ign gazebo-2] [INFO] [1775457443.230140796] [gz_ros2_control]: 	State:
[ign gazebo-2] [INFO] [1775457443.230145514] [gz_ros2_control]: 		 velocity
[sim] [ign gazebo-2] [INFO] [1775457443.230150183] [gz_ros2_control]: 		 position
[ign gazebo-2] [INFO] [1775457443.230157096] [gz_ros2_control]: 	Command:
[sim] [ign gazebo-2] [INFO] [1775457443.230165512] [gz_ros2_control]: 		 velocity
[sim] [ign gazebo-2] [INFO] [1775457443.230242647] [gz_ros2_control]: Loading sensor: imu_sensor
[sim] [ign gazebo-2] [INFO] [1775457443.230263005] [gz_ros2_control]: 	State:
[sim] [ign gazebo-2] [INFO] [1775457443.230336263] [resource_manager]: Initialize hardware 'vx01_hardware' 
[sim] [ign gazebo-2] [WARN] [1775457443.230366480] [gz_ros2_control]: The ign_ros2_control plugin got renamed to gz_ros2_control.
[sim] [ign gazebo-2] Update the <ros2_control> tag and gazebo plugin to
[ign gazebo-2] <hardware>
[ign gazebo-2]   <plugin>gz_ros2_control/GazeboSimSystem</plugin>
[sim] [ign gazebo-2] </hardware>
[sim] [ign gazebo-2] <gazebo>
[sim] [ign gazebo-2]   <plugin filename="gz_ros2_control-system"name="gz_ros2_control::GazeboSimROS2ControlPlugin">
[sim] [ign gazebo-2]     ...
[sim] [ign gazebo-2]   </plugin>
[sim] [ign gazebo-2] </gazebo>
[sim] [ign gazebo-2] [INFO] [1775457443.230405844] [resource_manager]: Successful initialization of hardware 'vx01_hardware'
[sim] [ign gazebo-2] [INFO] [1775457443.230447482] [resource_manager]: 'configure' hardware 'vx01_hardware' 
[sim] [ign gazebo-2] [INFO] [1775457443.230451109] [gz_ros2_control]: System Successfully configured!
[sim] [ign gazebo-2] [INFO] [1775457443.230459174] [resource_manager]: Successful 'configure' of hardware 'vx01_hardware'
[sim] [ign gazebo-2] [INFO] [1775457443.230468732] [resource_manager]: 'activate' hardware 'vx01_hardware' 
[sim] [ign gazebo-2] [INFO] [1775457443.230472469] [resource_manager]: Successful 'activate' of hardware 'vx01_hardware'
[sim] [ign gazebo-2] [INFO] [1775457443.230477098] [gz_ros2_control]: Loading controller_manager
[sim] [ign gazebo-2] [INFO] [1775457445.527832983] [gz_ros2_control]: IMU imu_sensor has a topic name: world/empty/model/vx01/link/base_footprint/sensor/imu_sensor/imu
[sim] [INFO] [spawner-6]: process started with pid [5735]
[sim] [ign gazebo-2] [INFO] [1775457445.971930097] [controller_manager]: Loading controller 'joint_state_broadcaster'
[sim] [spawner-6] [INFO] [1775457446.154937370] [joint_state_broadcaster_spawner]: [94mLoaded [1mjoint_state_broadcaster[0m
[sim] [ign gazebo-2] [INFO] [1775457446.156063819] [controller_manager]: Configuring controller 'joint_state_broadcaster'
[sim] [ign gazebo-2] [INFO] [1775457446.156376206] [joint_state_broadcaster]: 'joints' or 'interfaces' parameter is empty. All available state interfaces will be published
[sim] [spawner-6] [INFO] [1775457446.228509564] [joint_state_broadcaster_spawner]: [92mConfigured and activated [1mjoint_state_broadcaster[0m
[sim] [INFO] [spawner-6]: process has finished cleanly [pid 5735]
[sim] [INFO] [spawner-7]: process started with pid [5750]
[sim] [ign gazebo-2] [INFO] [1775457446.686461723] [controller_manager]: Loading controller 'leg_0_controller'
[sim] [ign gazebo-2] [WARN] [1775457446.696577042] [leg_0_controller]: [Deprecated]: "allow_nonzero_velocity_at_trajectory_end" is set to true. The default behavior will change to false.
[sim] [spawner-7] [INFO] [1775457446.724461228] [leg_0_controller_spawner]: [94mLoaded [1mleg_0_controller[0m
[sim] [ign gazebo-2] [INFO] [1775457446.725425883] [controller_manager]: Configuring controller 'leg_0_controller'
[sim] [ign gazebo-2] [INFO] [1775457446.725626210] [leg_0_controller]: No specific joint names are used for command interfaces. Using 'joints' parameter.
[ign gazebo-2] [INFO] [1775457446.725653261] [leg_0_controller]: Command interfaces are [position] and state interfaces are [position].
[ign gazebo-2] [INFO] [1775457446.725690521] [leg_0_controller]: Using 'splines' interpolation method.
[sim] [ign gazebo-2] [INFO] [1775457446.726273537] [leg_0_controller]: Controller state will be published at 50.00 Hz.
[sim] [ign gazebo-2] [INFO] [1775457446.728337180] [leg_0_controller]: Action status changes will be monitored at 20.00 Hz.
[sim] [spawner-7] [INFO] [1775457446.869933561] [leg_0_controller_spawner]: [92mConfigured and activated [1mleg_0_controller[0m
[sim] [INFO] [spawner-7]: process has finished cleanly [pid 5750]
[sim] [INFO] [spawner-8]: process started with pid [5765]
[sim] [ign gazebo-2] [INFO] [1775457447.380814170] [controller_manager]: Loading controller 'leg_1_controller'
[sim] [ign gazebo-2] [WARN] [1775457447.386613570] [leg_1_controller]: [Deprecated]: "allow_nonzero_velocity_at_trajectory_end" is set to true. The default behavior will change to false.
[sim] [spawner-8] [INFO] [1775457447.431404973] [leg_1_controller_spawner]: [94mLoaded [1mleg_1_controller[0m
[sim] [ign gazebo-2] [INFO] [1775457447.432919492] [controller_manager]: Configuring controller 'leg_1_controller'
[sim] [ign gazebo-2] [INFO] [1775457447.433108447] [leg_1_controller]: No specific joint names are used for command interfaces. Using 'joints' parameter.
[sim] [ign gazebo-2] [INFO] [1775457447.433134386] [leg_1_controller]: Command interfaces are [position] and state interfaces are [position].
[ign gazebo-2] [INFO] [1775457447.433151077] [leg_1_controller]: Using 'splines' interpolation method.
[sim] [ign gazebo-2] [INFO] [1775457447.433567511] [leg_1_controller]: Controller state will be published at 50.00 Hz.
[sim] [ign gazebo-2] [INFO] [1775457447.435673803] [leg_1_controller]: Action status changes will be monitored at 20.00 Hz.
[sim] [spawner-8] [INFO] [1775457447.535716486] [leg_1_controller_spawner]: [92mConfigured and activated [1mleg_1_controller[0m
[sim] [INFO] [spawner-8]: process has finished cleanly [pid 5765]
[sim] [INFO] [spawner-9]: process started with pid [5780]
[sim] [ign gazebo-2] [INFO] [1775457447.984170090] [controller_manager]: Loading controller 'leg_2_controller'
[sim] [ign gazebo-2] [WARN] [1775457447.990092611] [leg_2_controller]: [Deprecated]: "allow_nonzero_velocity_at_trajectory_end" is set to true. The default behavior will change to false.
[sim] [spawner-9] [INFO] [1775457448.045905559] [leg_2_controller_spawner]: [94mLoaded [1mleg_2_controller[0m
[sim] [ign gazebo-2] [INFO] [1775457448.047404870] [controller_manager]: Configuring controller 'leg_2_controller'
[sim] [ign gazebo-2] [INFO] [1775457448.047702941] [leg_2_controller]: No specific joint names are used for command interfaces. Using 'joints' parameter.
[sim] [ign gazebo-2] [INFO] [1775457448.047781929] [leg_2_controller]: Command interfaces are [position] and state interfaces are [position].
[sim] [ign gazebo-2] [INFO] [1775457448.047813949] [leg_2_controller]: Using 'splines' interpolation method.
[sim] [ign gazebo-2] [INFO] [1775457448.048315052] [leg_2_controller]: Controller state will be published at 50.00 Hz.
[sim] [ign gazebo-2] [INFO] [1775457448.050645276] [leg_2_controller]: Action status changes will be monitored at 20.00 Hz.
[sim] [spawner-9] [INFO] [1775457448.150876576] [leg_2_controller_spawner]: [92mConfigured and activated [1mleg_2_controller[0m
[sim] [INFO] [spawner-9]: process has finished cleanly [pid 5780]
[sim] [INFO] [spawner-10]: process started with pid [5795]
[sim] [ign gazebo-2] [INFO] [1775457448.707003052] [controller_manager]: Loading controller 'leg_3_controller'
[sim] [ign gazebo-2] [WARN] [1775457448.713571729] [leg_3_controller]: [Deprecated]: "allow_nonzero_velocity_at_trajectory_end" is set to true. The default behavior will change to false.
[sim] [spawner-10] [INFO] [1775457448.758000952] [leg_3_controller_spawner]: [94mLoaded [1mleg_3_controller[0m
[sim] [ign gazebo-2] [INFO] [1775457448.759576125] [controller_manager]: Configuring controller 'leg_3_controller'
[sim] [ign gazebo-2] [INFO] [1775457448.759752297] [leg_3_controller]: No specific joint names are used for command interfaces. Using 'joints' parameter.
[ign gazebo-2] [INFO] [1775457448.759774518] [leg_3_controller]: Command interfaces are [position] and state interfaces are [position].
[sim] [ign gazebo-2] [INFO] [1775457448.759788946] [leg_3_controller]: Using 'splines' interpolation method.
[sim] [ign gazebo-2] [INFO] [1775457448.760085814] [leg_3_controller]: Controller state will be published at 50.00 Hz.
[sim] [ign gazebo-2] [INFO] [1775457448.762152612] [leg_3_controller]: Action status changes will be monitored at 20.00 Hz.
[sim] [spawner-10] [INFO] [1775457448.862511723] [leg_3_controller_spawner]: [92mConfigured and activated [1mleg_3_controller[0m
[sim] [INFO] [spawner-10]: process has finished cleanly [pid 5795]
[sim] [INFO] [spawner-11]: process started with pid [5810]
[sim] [ign gazebo-2] [INFO] [1775457449.327015322] [controller_manager]: Loading controller 'leg_4_controller'
[sim] [ign gazebo-2] [WARN] [1775457449.332327375] [leg_4_controller]: [Deprecated]: "allow_nonzero_velocity_at_trajectory_end" is set to true. The default behavior will change to false.
[sim] [spawner-11] [INFO] [1775457449.379839839] [leg_4_controller_spawner]: [94mLoaded [1mleg_4_controller[0m
[sim] [ign gazebo-2] [INFO] [1775457449.381163219] [controller_manager]: Configuring controller 'leg_4_controller'
[sim] [ign gazebo-2] [INFO] [1775457449.381427757] [leg_4_controller]: No specific joint names are used for command interfaces. Using 'joints' parameter.
[ign gazebo-2] [INFO] [1775457449.381474414] [leg_4_controller]: Command interfaces are [position] and state interfaces are [position].
[sim] [ign gazebo-2] [INFO] [1775457449.381499912] [leg_4_controller]: Using 'splines' interpolation method.
[sim] [ign gazebo-2] [INFO] [1775457449.381872824] [leg_4_controller]: Controller state will be published at 50.00 Hz.
[sim] [ign gazebo-2] [INFO] [1775457449.384085386] [leg_4_controller]: Action status changes will be monitored at 20.00 Hz.
[sim] [spawner-11] [INFO] [1775457449.406638154] [leg_4_controller_spawner]: [92mConfigured and activated [1mleg_4_controller[0m
[sim] [INFO] [spawner-11]: process has finished cleanly [pid 5810]
[sim] [INFO] [spawner-12]: process started with pid [5825]
[sim] [ign gazebo-2] [INFO] [1775457449.933706408] [controller_manager]: Loading controller 'leg_5_controller'
[sim] [ign gazebo-2] [WARN] [1775457449.939984479] [leg_5_controller]: [Deprecated]: "allow_nonzero_velocity_at_trajectory_end" is set to true. The default behavior will change to false.
[sim] [spawner-12] [INFO] [1775457449.994841701] [leg_5_controller_spawner]: [94mLoaded [1mleg_5_controller[0m
[sim] [ign gazebo-2] [INFO] [1775457449.996215976] [controller_manager]: Configuring controller 'leg_5_controller'
[sim] [ign gazebo-2] [INFO] [1775457449.996465596] [leg_5_controller]: No specific joint names are used for command interfaces. Using 'joints' parameter.
[ign gazebo-2] [INFO] [1775457449.996496755] [leg_5_controller]: Command interfaces are [position] and state interfaces are [position].
[sim] [ign gazebo-2] [INFO] [1775457449.996513075] [leg_5_controller]: Using 'splines' interpolation method.
[sim] [ign gazebo-2] [INFO] [1775457449.996896206] [leg_5_controller]: Controller state will be published at 50.00 Hz.
[sim] [ign gazebo-2] [INFO] [1775457449.998945772] [leg_5_controller]: Action status changes will be monitored at 20.00 Hz.
[sim] [spawner-12] [INFO] [1775457450.248241274] [leg_5_controller_spawner]: [92mConfigured and activated [1mleg_5_controller[0m
[sim] [INFO] [spawner-12]: process has finished cleanly [pid 5825]
[sim] [INFO] [spawner-13]: process started with pid [5840]
[sim] [ign gazebo-2] [INFO] [1775457450.732855663] [controller_manager]: Loading controller 'drone_arm_controller'
[sim] [spawner-13] [INFO] [1775457450.798649391] [drone_arm_controller_spawner]: [94mLoaded [1mdrone_arm_controller[0m
[sim] [ign gazebo-2] [INFO] [1775457450.799985735] [controller_manager]: Configuring controller 'drone_arm_controller'
[sim] [ign gazebo-2] [INFO] [1775457450.800233852] [drone_arm_controller]: No specific joint names are used for command interfaces. Using 'joints' parameter.
[sim] [ign gazebo-2] [INFO] [1775457450.800274929] [drone_arm_controller]: Command interfaces are [position] and state interfaces are [position].
[ign gazebo-2] [INFO] [1775457450.800298694] [drone_arm_controller]: Using 'splines' interpolation method.
[sim] [ign gazebo-2] [INFO] [1775457450.800739323] [drone_arm_controller]: Controller state will be published at 50.00 Hz.
[sim] [ign gazebo-2] [INFO] [1775457450.802654596] [drone_arm_controller]: Goals with partial set of joints are allowed
[ign gazebo-2] [INFO] [1775457450.802680315] [drone_arm_controller]: Action status changes will be monitored at 20.00 Hz.
[sim] [spawner-13] [INFO] [1775457451.026654219] [drone_arm_controller_spawner]: [92mConfigured and activated [1mdrone_arm_controller[0m
[sim] [INFO] [spawner-13]: process has finished cleanly [pid 5840]
[sim] [INFO] [mavros_node-14]: process started with pid [5855]
[sim] [INFO] [mode_manager_node-15]: process started with pid [5857]
[INFO] [aerial_controller_node-16]: process started with pid [5859]
[INFO] [web_video_server-17]: process started with pid [5861]
[sim] [mavros_node-14] [INFO] [1775457455.826297296] [mavros_node]: Starting mavros_node container
[mavros_node-14] [INFO] [1775457455.826443792] [mavros_node]: FCU URL: tcp://127.0.0.1:5760
[sim] [mavros_node-14] [INFO] [1775457455.826461244] [mavros_node]: GCS URL: 
[mavros_node-14] [INFO] [1775457455.826468608] [mavros_node]: UAS Prefix: /uas1
[mavros_node-14] [INFO] [1775457455.826474119] [mavros_node]: Starting mavros router node
[sim] [web_video_server-17] [INFO] [1775457455.828006993] [web_video_server]: Loading streamer plugin: web_video_server/stream/h264
[sim] [aerial_controller_node-16] [INFO] [1775457455.831190352] [aerial_controller_node]: AerialController ready. Publish geometry_msgs/Twist to /drone/cmd_vel for flight. Publish std_msgs/Bool to /drone/arm to arm (true) or disarm (false).
[sim] [mode_manager_node-15] [INFO] [1775457455.833528321] [mode_manager_node]: VX-01 Mode Manager Initialized.
[sim] [mavros_node-14] [INFO] [1775457455.836506774] [mavros_router]: Built-in SIMD instructions: SSE, SSE2
[sim] [mavros_node-14] [INFO] [1775457455.836543263] [mavros_router]: Built-in MAVLink package version: 2026.3.3
[sim] [mavros_node-14] [INFO] [1775457455.836557500] [mavros_router]: Known MAVLink dialects: common ardupilotmega ASLUAV AVSSUAS all csAirLink cubepilot development icarous loweheiser marsh matrixpilot paparazzi standard stemstudios storm32 uAvionix ualberta
[sim] [mavros_node-14] [INFO] [1775457455.836563321] [mavros_router]: MAVROS Router started
[sim] [mavros_node-14] [INFO] [1775457455.836855280] [mavros_node]: Starting mavros uas node
[sim] [mavros_node-14] [INFO] [1775457455.874114101] [mavros_router]: Requested to add endpoint: type: 0, url: tcp://127.0.0.1:5760
[mavros_node-14] [WARN] [1775457455.874119811] [mavros]: diagnostic_updater: No HW_ID was set. This is probably a bug. Please report it. For devices that do not have a HW_ID, set this value to 'none'. This warning only occurs once all diagnostics are OK. It is okay to wait until the device is open before calling setHardwareID.
[sim] [mavros_node-14] [INFO] [1775457455.874163243] [mavros_router]: Endpoint link[1000] created
[sim] [arducopter-4] Connection on serial port 5760
[sim] [mavros_node-14] [INFO] [1775457455.874741451] [mavros_router]: link[1000] opened successfully
[sim] [mavros_node-14] [INFO] [1775457455.874762290] [mavros_router]: Requested to add endpoint: type: 2, url: /uas1
[mavros_node-14] [INFO] [1775457455.874780424] [mavros_router]: Endpoint link[1001] created
[sim] [mavros_node-14] [INFO] [1775457455.875327974] [mavros_router]: link[1001] opened successfully
[sim] [arducopter-4] Loaded defaults from /ardupilot/Tools/autotest/default_params/copter.parm,/ardupilot/Tools/autotest/default_params/gazebo-iris.parm,/vx01_ws/src/vx01_bringup/config/ardupilot_sim_bypass.parm
[sim] [arducopter-4] bind port 5762 for SERIAL1
[sim] [arducopter-4] SERIAL1 on TCP port 5762
[arducopter-4] bind port 5763 for SERIAL2
[sim] [arducopter-4] SERIAL2 on TCP port 5763
[sim] [arducopter-4] Home: -35.363262 149.165237 alt=584.000000m hdg=353.000000
[sim] [mavros_node-14] [INFO] [1775457455.884160933] [mavros]: UAS Executor started, threads: 16
[sim] [mavros_node-14] [INFO] [1775457455.899535089] [mavros]: Plugin actuator_control created
[mavros_node-14] [INFO] [1775457455.899622523] [mavros]: Plugin actuator_control initialized
[sim] [mavros_node-14] [INFO] [1775457455.918010499] [mavros]: Plugin adsb created
[sim] [mavros_node-14] [INFO] [1775457455.918071293] [mavros]: Plugin adsb initialized
[sim] [mavros_node-14] [INFO] [1775457455.922809528] [mavros]: Plugin altitude created
[mavros_node-14] [INFO] [1775457455.922901591] [mavros]: Plugin altitude initialized
[sim] [mavros_node-14] [INFO] [1775457455.927465819] [mavros]: Plugin cam_imu_sync created
[mavros_node-14] [INFO] [1775457455.927528186] [mavros]: Plugin cam_imu_sync initialized
[sim] [mavros_node-14] [INFO] [1775457455.931801997] [mavros]: Plugin camera created
[mavros_node-14] [INFO] [1775457455.931851700] [mavros]: Plugin camera initialized
[sim] [mavros_node-14] [INFO] [1775457455.936528249] [mavros]: Plugin cellular_status created
[mavros_node-14] [INFO] [1775457455.936573825] [mavros]: Plugin cellular_status initialized
[sim] [mavros_node-14] [INFO] [1775457455.944750809] [mavros]: Plugin command created
[mavros_node-14] [INFO] [1775457455.944821923] [mavros]: Plugin command initialized
[sim] [mavros_node-14] [INFO] [1775457455.950215020] [mavros]: Plugin companion_process_status created
[mavros_node-14] [INFO] [1775457455.950270865] [mavros]: Plugin companion_process_status initialized
[sim] [web_video_server-17] [INFO] [1775457455.951843494] [web_video_server]: Loading streamer plugin: web_video_server/stream/mjpeg
[sim] [web_video_server-17] [INFO] [1775457455.951909077] [web_video_server]: Loading streamer plugin: web_video_server/stream/png
[sim] [web_video_server-17] [INFO] [1775457455.951937761] [web_video_server]: Loading streamer plugin: web_video_server/stream/ros_compressed
[web_video_server-17] [INFO] [1775457455.951968028] [web_video_server]: Loading streamer plugin: web_video_server/stream/vp8
[web_video_server-17] [INFO] [1775457455.951987725] [web_video_server]: Loading streamer plugin: web_video_server/stream/vp9
[sim] [web_video_server-17] [INFO] [1775457455.952004948] [web_video_server]: Loading streamer plugin: web_video_server/snapshot/jpeg
[sim] [web_video_server-17] [INFO] [1775457455.952220924] [web_video_server]: Loading streamer plugin: web_video_server/snapshot/png
[sim] [web_video_server-17] [INFO] [1775457455.952247704] [web_video_server]: Loading streamer plugin: web_video_server/snapshot/ros_compressed
[web_video_server-17] [INFO] [1775457455.952473740] [web_video_server]: Waiting For connections on 0.0.0.0:8080
[sim] [mavros_node-14] [INFO] [1775457455.957814838] [mavros]: Plugin debug_value created
[mavros_node-14] [INFO] [1775457455.957894428] [mavros]: Plugin debug_value initialized
[sim] [mavros_node-14] [INFO] [1775457455.962374938] [mavros.distance_sensor]: DS: Plugin not configured!
[sim] [mavros_node-14] [INFO] [1775457455.962570556] [mavros]: Plugin distance_sensor created
[sim] [mavros_node-14] [INFO] [1775457455.962638845] [mavros]: Plugin distance_sensor initialized
[sim] [mavros_node-14] [INFO] [1775457455.967778304] [mavros]: Plugin esc_status created
[mavros_node-14] [INFO] [1775457455.967853736] [mavros]: Plugin esc_status initialized
[sim] [mavros_node-14] [INFO] [1775457455.972777520] [mavros]: Plugin esc_telemetry created
[sim] [mavros_node-14] [INFO] [1775457455.972836501] [mavros]: Plugin esc_telemetry initialized
[sim] [mavros_node-14] [INFO] [1775457455.978699572] [mavros]: Plugin fake_gps created
[mavros_node-14] [INFO] [1775457455.978774844] [mavros]: Plugin fake_gps initialized
[mavros_node-14] [INFO] [1775457455.978808557] [mavros]: Plugin ftp ignored
[sim] [mavros_node-14] [INFO] [1775457455.986025305] [mavros]: Plugin geofence created
[mavros_node-14] [INFO] [1775457455.986122538] [mavros]: Plugin geofence initialized
[sim] [mavros_node-14] [INFO] [1775457455.994657907] [mavros]: Plugin gimbal_control created
[mavros_node-14] [INFO] [1775457455.994732166] [mavros]: Plugin gimbal_control initialized
[sim] [mavros_node-14] [INFO] [1775457456.004140528] [mavros]: Plugin global_position created
[mavros_node-14] [INFO] [1775457456.004228423] [mavros]: Plugin global_position initialized
[sim] [mavros_node-14] [INFO] [1775457456.008942392] [mavros]: Plugin gps_input created
[sim] [mavros_node-14] [INFO] [1775457456.009089439] [mavros]: Plugin gps_input initialized
[sim] [mavros_node-14] [INFO] [1775457456.014792008] [mavros]: Plugin gps_rtk created
[mavros_node-14] [INFO] [1775457456.014854155] [mavros]: Plugin gps_rtk initialized
[sim] [mavros_node-14] [INFO] [1775457456.020250027] [mavros]: Plugin gps_status created
[mavros_node-14] [INFO] [1775457456.020323866] [mavros]: Plugin gps_status initialized
[sim] [mavros_node-14] [INFO] [1775457456.026017398] [mavros]: Plugin guided_target created
[sim] [mavros_node-14] [INFO] [1775457456.026085587] [mavros]: Plugin guided_target initialized
[sim] [mavros_node-14] [INFO] [1775457456.032675786] [mavros]: Plugin hil created
[sim] [mavros_node-14] [INFO] [1775457456.032746258] [mavros]: Plugin hil initialized
[sim] [mavros_node-14] [INFO] [1775457456.038855102] [mavros]: Plugin home_position created
[mavros_node-14] [INFO] [1775457456.038905547] [mavros]: Plugin home_position initialized
[sim] [mavros_node-14] [INFO] [1775457456.045450421] [mavros]: Plugin imu created
[mavros_node-14] [INFO] [1775457456.045518910] [mavros]: Plugin imu initialized
[sim] [mavros_node-14] [INFO] [1775457456.052510064] [mavros]: Plugin landing_target created
[sim] [mavros_node-14] [INFO] [1775457456.052561280] [mavros]: Plugin landing_target initialized
[sim] [mavros_node-14] [INFO] [1775457456.060319837] [mavros]: Plugin local_position created
[mavros_node-14] [INFO] [1775457456.060391773] [mavros]: Plugin local_position initialized
[sim] [mavros_node-14] [INFO] [1775457456.068444223] [mavros]: Plugin log_transfer created
[sim] [mavros_node-14] [INFO] [1775457456.068526177] [mavros]: Plugin log_transfer initialized
[sim] [mavros_node-14] [INFO] [1775457456.074958389] [mavros]: Plugin mag_calibration_status created
[sim] [mavros_node-14] [INFO] [1775457456.075025716] [mavros]: Plugin mag_calibration_status initialized
[sim] [mavros_node-14] [INFO] [1775457456.080728496] [mavros]: Plugin manual_control created
[mavros_node-14] [INFO] [1775457456.080814016] [mavros]: Plugin manual_control initialized
[sim] [mavros_node-14] [INFO] [1775457456.087220710] [mavros]: Plugin mocap_pose_estimate created
[sim] [mavros_node-14] [INFO] [1775457456.087344183] [mavros]: Plugin mocap_pose_estimate initialized
[sim] [mavros_node-14] [INFO] [1775457456.095007060] [mavros]: Plugin mount_control created
[sim] [mavros_node-14] [INFO] [1775457456.095110645] [mavros]: Plugin mount_control initialized
[sim] [mavros_node-14] [INFO] [1775457456.101993846] [mavros]: Plugin nav_controller_output created
[mavros_node-14] [INFO] [1775457456.102091299] [mavros]: Plugin nav_controller_output initialized
[sim] [mavros_node-14] [INFO] [1775457456.108421639] [mavros]: Plugin obstacle_distance created
[mavros_node-14] [INFO] [1775457456.108495378] [mavros]: Plugin obstacle_distance initialized
[sim] [mavros_node-14] [INFO] [1775457456.114711524] [mavros]: Plugin obstacle_distance_3d created
[mavros_node-14] [INFO] [1775457456.114794490] [mavros]: Plugin obstacle_distance_3d initialized
[sim] [arducopter-4] 
[arducopter-4] JSON received:
[arducopter-4] 	timestamp
[sim] [arducopter-4] 	imu: gyro
[arducopter-4] 	imu: accel_body
[arducopter-4] 	position
[arducopter-4] 	quaternion
[arducopter-4] 	velocity
[arducopter-4] 
[sim] [mavros_node-14] [INFO] [1775457456.122148115] [mavros]: Plugin odometry created
[sim] [mavros_node-14] [INFO] [1775457456.122382436] [mavros]: Plugin odometry initialized
[sim] [mavros_node-14] [INFO] [1775457456.129055682] [mavros]: Plugin onboard_computer_status created
[mavros_node-14] [INFO] [1775457456.129110174] [mavros]: Plugin onboard_computer_status initialized
[sim] [mavros_node-14] [INFO] [1775457456.136523242] [mavros]: Plugin open_drone_id created
[mavros_node-14] [INFO] [1775457456.136595247] [mavros]: Plugin open_drone_id initialized
[sim] [mavros_node-14] [INFO] [1775457456.143948622] [mavros]: Plugin optical_flow created
[mavros_node-14] [INFO] [1775457456.144034053] [mavros]: Plugin optical_flow initialized
[sim] [mavros_node-14] [INFO] [1775457456.150862791] [mavros]: Plugin param created
[mavros_node-14] [INFO] [1775457456.150932823] [mavros]: Plugin param initialized
[sim] [mavros_node-14] [INFO] [1775457456.157016559] [mavros]: Plugin play_tune created
[mavros_node-14] [INFO] [1775457456.157080039] [mavros]: Plugin play_tune initialized
[sim] [mavros_node-14] [INFO] [1775457456.165208923] [mavros]: Plugin px4flow created
[mavros_node-14] [INFO] [1775457456.165294394] [mavros]: Plugin px4flow initialized
[sim] [mavros_node-14] [INFO] [1775457456.172676984] [mavros]: Plugin rallypoint created
[mavros_node-14] [INFO] [1775457456.172770941] [mavros]: Plugin rallypoint initialized
[sim] [mavros_node-14] [INFO] [1775457456.179174719] [mavros]: Plugin rangefinder created
[sim] [mavros_node-14] [INFO] [1775457456.179253868] [mavros]: Plugin rangefinder initialized
[sim] [mavros_node-14] [INFO] [1775457456.186932465] [mavros]: Plugin rc_io created
[mavros_node-14] [INFO] [1775457456.187010752] [mavros]: Plugin rc_io initialized
[sim] [mavros_node-14] [INFO] [1775457456.193604809] [mavros]: Plugin setpoint_accel created
[mavros_node-14] [INFO] [1775457456.193682976] [mavros]: Plugin setpoint_accel initialized
[sim] [mavros_node-14] [INFO] [1775457456.200933738] [mavros]: Plugin setpoint_attitude created
[mavros_node-14] [INFO] [1775457456.201000534] [mavros]: Plugin setpoint_attitude initialized
[sim] [mavros_node-14] [INFO] [1775457456.208737160] [mavros]: Plugin setpoint_position created
[mavros_node-14] [INFO] [1775457456.208837729] [mavros]: Plugin setpoint_position initialized
[sim] [mavros_node-14] [INFO] [1775457456.218173815] [mavros]: Plugin setpoint_raw created
[sim] [mavros_node-14] [INFO] [1775457456.218260718] [mavros]: Plugin setpoint_raw initialized
[sim] [mavros_node-14] [INFO] [1775457456.227061136] [mavros]: Plugin setpoint_trajectory created
[mavros_node-14] [INFO] [1775457456.227161084] [mavros]: Plugin setpoint_trajectory initialized
[sim] [mavros_node-14] [INFO] [1775457456.235537013] [mavros]: Plugin setpoint_velocity created
[mavros_node-14] [INFO] [1775457456.235633735] [mavros]: Plugin setpoint_velocity initialized
[sim] [mavros_node-14] [INFO] [1775457456.244297856] [mavros]: Plugin sim_state created
[sim] [mavros_node-14] [INFO] [1775457456.244466584] [mavros]: Plugin sim_state initialized
[sim] [mavros_node-14] [INFO] [1775457456.258799611] [mavros]: Plugin sys_status created
[mavros_node-14] [INFO] [1775457456.258900591] [mavros]: Plugin sys_status initialized
[sim] [mavros_node-14] [INFO] [1775457456.265554820] [mavros.time]: TM: Timesync mode: MAVLINK
[sim] [mavros_node-14] [INFO] [1775457456.267545536] [mavros]: Plugin sys_time created
[sim] [mavros_node-14] [INFO] [1775457456.267622310] [mavros]: Plugin sys_time initialized
[sim] [mavros_node-14] [INFO] [1775457456.275208003] [mavros]: Plugin tdr_radio created
[mavros_node-14] [INFO] [1775457456.275288614] [mavros]: Plugin tdr_radio initialized
[sim] [mavros_node-14] [INFO] [1775457456.282766113] [mavros]: Plugin terrain created
[sim] [mavros_node-14] [INFO] [1775457456.282915274] [mavros]: Plugin terrain initialized
[sim] [mavros_node-14] [INFO] [1775457456.291979037] [mavros]: Plugin trajectory created
[mavros_node-14] [INFO] [1775457456.292074186] [mavros]: Plugin trajectory initialized
[sim] [mavros_node-14] [INFO] [1775457456.299669115] [mavros]: Plugin tunnel created
[mavros_node-14] [INFO] [1775457456.299740901] [mavros]: Plugin tunnel initialized
[sim] [mavros_node-14] [INFO] [1775457456.307412124] [mavros]: Plugin vfr_hud created
[mavros_node-14] [INFO] [1775457456.307478178] [mavros]: Plugin vfr_hud initialized
[sim] [mavros_node-14] [INFO] [1775457456.316478853] [mavros]: Plugin vibration created
[sim] [mavros_node-14] [INFO] [1775457456.316561127] [mavros]: Plugin vibration initialized
[sim] [mavros_node-14] [INFO] [1775457456.326634420] [mavros]: Plugin vision_pose created
[sim] [mavros_node-14] [INFO] [1775457456.326698440] [mavros]: Plugin vision_pose initialized
[sim] [mavros_node-14] [INFO] [1775457456.335312978] [mavros]: Plugin vision_speed created
[mavros_node-14] [INFO] [1775457456.335409670] [mavros]: Plugin vision_speed initialized
[sim] [mavros_node-14] [INFO] [1775457456.346619651] [mavros]: Plugin waypoint created
[mavros_node-14] [INFO] [1775457456.346727084] [mavros]: Plugin waypoint initialized
[sim] [mavros_node-14] [INFO] [1775457456.356395585] [mavros]: Plugin wheel_odometry created
[sim] [mavros_node-14] [INFO] [1775457456.356505842] [mavros]: Plugin wheel_odometry initialized
[sim] [mavros_node-14] [INFO] [1775457456.366774612] [mavros]: Plugin wind_estimation created
[mavros_node-14] [INFO] [1775457456.366877005] [mavros]: Plugin wind_estimation initialized
[sim] [mavros_node-14] [INFO] [1775457456.367907163] [mavros]: Built-in SIMD instructions: SSE, SSE2
[mavros_node-14] [INFO] [1775457456.367933122] [mavros]: Built-in MAVLink package version: 2026.3.3
[sim] [mavros_node-14] [INFO] [1775457456.367942640] [mavros]: Known MAVLink dialects: common ardupilotmega ASLUAV AVSSUAS all csAirLink cubepilot development icarous loweheiser marsh matrixpilot paparazzi standard stemstudios storm32 uAvionix ualberta
[mavros_node-14] [INFO] [1775457456.367949763] [mavros]: MAVROS UAS via /uas1 started. MY ID 1.191, TARGET ID 1.1
[sim] [mavros_node-14] [INFO] [1775457457.253126002] [mavros_router]: link[1001] detected remote address 1.191
[sim] [arducopter-4] validate_structures:513: Validating structures
[sim] [arducopter-4] Loaded defaults from /ardupilot/Tools/autotest/default_params/copter.parm,/ardupilot/Tools/autotest/default_params/gazebo-iris.parm,/vx01_ws/src/vx01_bringup/config/ardupilot_sim_bypass.parm
[sim] [mavros_node-14] [INFO] [1775457457.840154132] [mavros_router]: link[1000] detected remote address 1.1
[sim] [mavros_node-14] [INFO] [1775457457.840497098] [mavros]: CON: Got HEARTBEAT, connected. FCU: ArduPilot
[mavros_node-14] [INFO] [1775457457.840757247] [mavros.mission]: WP: detected enable_partial_push: 1
[sim] [mavros_node-14] [INFO] [1775457457.841248943] [mavros.geofence]: GF: Using MISSION_ITEM_INT
[sim] [mavros_node-14] [INFO] [1775457457.841290170] [mavros.rallypoint]: RP: Using MISSION_ITEM_INT
[mavros_node-14] [INFO] [1775457457.841320016] [mavros.mission]: WP: Using MISSION_ITEM_INT
[mavros_node-14] [INFO] [1775457457.841332650] [mavros.sys]: VER: 1.1: Capabilities         0x000000000000fbef
[mavros_node-14] [INFO] [1775457457.841355072] [mavros.sys]: VER: 1.1: Flight software:     040507ff (b7207551)
[sim] [mavros_node-14] [INFO] [1775457457.841364530] [mavros.sys]: VER: 1.1: Middleware software: 00000000 (        )
[mavros_node-14] [INFO] [1775457457.841373517] [mavros.sys]: VER: 1.1: OS software:         00000000 (        )
[sim] [mavros_node-14] [INFO] [1775457457.841381672] [mavros.sys]: VER: 1.1: Board hardware:      00000000
[sim] [mavros_node-14] [INFO] [1775457457.841435854] [mavros.sys]: VER: 1.1: VID/PID:             0000:0000
[mavros_node-14] [INFO] [1775457457.841447336] [mavros.sys]: VER: 1.1: UID:                 0000000000000000
[sim] [mavros_node-14] [INFO] [1775457467.840811481] [mavros.home_position]: HP: requesting home position
[sim] [mavros_node-14] [WARN] [1775457467.842767321] [mavros]: CON: Lost connection, HEARTBEAT timed out.
[sim] [mavros_node-14] [WARN] [1775457468.841422731] [mavros.param]: PR: request list timeout, retries left 2
[sim] [mavros_node-14] [WARN] [1775457469.841720727] [mavros.param]: PR: request list timeout, retries left 1
[sim] [mavros_node-14] [WARN] [1775457470.842024381] [mavros.param]: PR: request list timeout, retries left 0
[sim] [mavros_node-14] [INFO] [1775457472.163804969] [mavros.sys]: FCU: ArduCopter V4.5.7 (b7207551)
[sim] [mavros_node-14] [INFO] [1775457472.164028320] [mavros.sys]: FCU: b623b2c8b384455c808f2b675edab5d3
[sim] [mavros_node-14] [INFO] [1775457472.164185736] [mavros.sys]: FCU: Frame: QUAD/X
[mavros_node-14] [INFO] [1775457472.164372838] [mavros.sys]: FCU: ArduCopter V4.5.7 (b7207551)
[sim] [mavros_node-14] [INFO] [1775457472.164734449] [mavros.sys]: FCU: b623b2c8b384455c808f2b675edab5d3
[mavros_node-14] [INFO] [1775457472.164832653] [mavros.sys]: FCU: Frame: QUAD/X
[sim] [mavros_node-14] [INFO] [1775457472.165056194] [mavros.sys]: FCU: ArduCopter V4.5.7 (b7207551)
[sim] [mavros_node-14] [INFO] [1775457472.165493848] [mavros.sys]: FCU: b623b2c8b384455c808f2b675edab5d3
[sim] [mavros_node-14] [INFO] [1775457472.166000271] [mavros.sys]: FCU: Frame: QUAD/X
[mavros_node-14] [INFO] [1775457472.166231265] [mavros.sys]: FCU: ArduCopter V4.5.7 (b7207551)
[sim] [mavros_node-14] [INFO] [1775457472.166594188] [mavros.sys]: FCU: b623b2c8b384455c808f2b675edab5d3
[sim] [mavros_node-14] [INFO] [1775457472.167044195] [mavros.sys]: FCU: Frame: QUAD/X
[sim] [mavros_node-14] [WARN] [1775457485.598296623] [mavros.param]: PR: request param #221 timeout, retries left 2, and 1203 params still missing
[sim] [mavros_node-14] [WARN] [1775457486.598644992] [mavros.param]: PR: request param #221 timeout, retries left 1, and 1203 params still missing
[sim] [mavros_node-14] [WARN] [1775457487.598892326] [mavros.param]: PR: request param #221 timeout, retries left 0, and 1203 params still missing
[sim] [mavros_node-14] [ERROR] [1775457488.599170824] [mavros.param]: PR: request param #221 completely missing.
[sim] [mavros_node-14] [WARN] [1775457488.599347026] [mavros.param]: PR: 1202 params still missing, trying to request next: #222
[sim] [mavros_node-14] [INFO] [1775457488.712644254] [mavros.sys]: FCU: Calibrating barometer
[sim] [mavros_node-14] [INFO] [1775457488.713235878] [mavros.param]: PR: got an unsolicited param value idx=65535, not resetting retries count 3
[sim] [mavros_node-14] [WARN] [1775457489.715191711] [mavros.param]: PR: request param #222 timeout, retries left 2, and 1202 params still missing
[sim] [mavros_node-14] [WARN] [1775457490.715561884] [mavros.param]: PR: request param #222 timeout, retries left 1, and 1202 params still missing
[sim] [mavros_node-14] [WARN] [1775457491.715919718] [mavros.param]: PR: request param #222 timeout, retries left 0, and 1202 params still missing
[sim] [mavros_node-14] [ERROR] [1775457492.717328967] [mavros.param]: PR: request param #222 completely missing.
[sim] [mavros_node-14] [WARN] [1775457492.717481975] [mavros.param]: PR: 1201 params still missing, trying to request next: #223
[sim] [mavros_node-14] [WARN] [1775457493.717763866] [mavros.param]: PR: request param #223 timeout, retries left 2, and 1201 params still missing
[sim] [mavros_node-14] [WARN] [1775457494.718200353] [mavros.param]: PR: request param #223 timeout, retries left 1, and 1201 params still missing
[sim] [mavros_node-14] [WARN] [1775457495.718794181] [mavros.param]: PR: request param #223 timeout, retries left 0, and 1201 params still missing
[sim] [mavros_node-14] [ERROR] [1775457496.719027435] [mavros.param]: PR: request param #223 completely missing.
[sim] [mavros_node-14] [WARN] [1775457496.719134817] [mavros.param]: PR: 1200 params still missing, trying to request next: #224
[sim] [mavros_node-14] [WARN] [1775457497.719263769] [mavros.param]: PR: request param #224 timeout, retries left 2, and 1200 params still missing
[sim] [mavros_node-14] [WARN] [1775457498.719541646] [mavros.param]: PR: request param #224 timeout, retries left 1, and 1200 params still missing
[sim] [mavros_node-14] [WARN] [1775457499.719784482] [mavros.param]: PR: request param #224 timeout, retries left 0, and 1200 params still missing
[sim] [mavros_node-14] [ERROR] [1775457500.720025698] [mavros.param]: PR: request param #224 completely missing.
[sim] [mavros_node-14] [WARN] [1775457500.720138901] [mavros.param]: PR: 1199 params still missing, trying to request next: #225
[sim] [mavros_node-14] [WARN] [1775457501.720290875] [mavros.param]: PR: request param #225 timeout, retries left 2, and 1199 params still missing
[sim] [mavros_node-14] [WARN] [1775457502.720633231] [mavros.param]: PR: request param #225 timeout, retries left 1, and 1199 params still missing
[sim] [mavros_node-14] [WARN] [1775457503.720891112] [mavros.param]: PR: request param #225 timeout, retries left 0, and 1199 params still missing
[sim] [mavros_node-14] [ERROR] [1775457504.721194814] [mavros.param]: PR: request param #225 completely missing.
[sim] [mavros_node-14] [WARN] [1775457504.721434365] [mavros.param]: PR: 1198 params still missing, trying to request next: #226
[sim] [mavros_node-14] [WARN] [1775457505.721687666] [mavros.param]: PR: request param #226 timeout, retries left 2, and 1198 params still missing
[sim] [mavros_node-14] [WARN] [1775457506.721952663] [mavros.param]: PR: request param #226 timeout, retries left 1, and 1198 params still missing
[sim] [mavros_node-14] [WARN] [1775457507.722272347] [mavros.param]: PR: request param #226 timeout, retries left 0, and 1198 params still missing
[sim] [mavros_node-14] [ERROR] [1775457508.722546590] [mavros.param]: PR: request param #226 completely missing.
[sim] [mavros_node-14] [WARN] [1775457508.722648813] [mavros.param]: PR: 1197 params still missing, trying to request next: #227
[sim] [mavros_node-14] [WARN] [1775457509.722873246] [mavros.param]: PR: request param #227 timeout, retries left 2, and 1197 params still missing
[sim] [mavros_node-14] [WARN] [1775457510.723155733] [mavros.param]: PR: request param #227 timeout, retries left 1, and 1197 params still missing
[sim] [mavros_node-14] [WARN] [1775457511.723423996] [mavros.param]: PR: request param #227 timeout, retries left 0, and 1197 params still missing
[sim] [mavros_node-14] [ERROR] [1775457512.723710718] [mavros.param]: PR: request param #227 completely missing.
[sim] [mavros_node-14] [WARN] [1775457512.723843608] [mavros.param]: PR: 1196 params still missing, trying to request next: #228
[sim] [mavros_node-14] [WARN] [1775457513.724023473] [mavros.param]: PR: request param #228 timeout, retries left 2, and 1196 params still missing
[sim] [mavros_node-14] [WARN] [1775457514.724288542] [mavros.param]: PR: request param #228 timeout, retries left 1, and 1196 params still missing
[sim] [mavros_node-14] [WARN] [1775457515.724693849] [mavros.param]: PR: request param #228 timeout, retries left 0, and 1196 params still missing
[sim] [mavros_node-14] [INFO] [1775457516.641721712] [mavros.param]: PR: got an unsolicited param value idx=221, not resetting retries count 0
[sim] [mavros_node-14] [INFO] [1775457516.642648607] [mavros.param]: PR: got an unsolicited param value idx=221, not resetting retries count 0
[sim] [mavros_node-14] [INFO] [1775457516.643007864] [mavros.param]: PR: got an unsolicited param value idx=221, not resetting retries count 0
[sim] [mavros_node-14] [INFO] [1775457516.643396636] [mavros.param]: PR: got an unsolicited param value idx=222, not resetting retries count 0
[mavros_node-14] [INFO] [1775457516.643708753] [mavros.param]: PR: got an unsolicited param value idx=222, not resetting retries count 0
[sim] [mavros_node-14] [ERROR] [1775457517.644100189] [mavros.param]: PR: request param #228 completely missing.
[sim] [mavros_node-14] [WARN] [1775457517.644354448] [mavros.param]: PR: 1195 params still missing, trying to request next: #229
[sim] [mavros_node-14] [WARN] [1775457518.644612487] [mavros.param]: PR: request param #229 timeout, retries left 2, and 1195 params still missing
[sim] [mavros_node-14] [WARN] [1775457519.644888974] [mavros.param]: PR: request param #229 timeout, retries left 1, and 1195 params still missing
[sim] [mavros_node-14] [WARN] [1775457520.645213264] [mavros.param]: PR: request param #229 timeout, retries left 0, and 1195 params still missing
[sim] [mavros_node-14] [ERROR] [1775457521.645593844] [mavros.param]: PR: request param #229 completely missing.
[sim] [mavros_node-14] [WARN] [1775457521.645749367] [mavros.param]: PR: 1194 params still missing, trying to request next: #230
[sim] [mavros_node-14] [WARN] [1775457522.645999484] [mavros.param]: PR: request param #230 timeout, retries left 2, and 1194 params still missing
[sim] [mavros_node-14] [WARN] [1775457523.646435345] [mavros.param]: PR: request param #230 timeout, retries left 1, and 1194 params still missing
[sim] [mavros_node-14] [WARN] [1775457524.646711759] [mavros.param]: PR: request param #230 timeout, retries left 0, and 1194 params still missing
[sim] [mavros_node-14] [ERROR] [1775457525.647053479] [mavros.param]: PR: request param #230 completely missing.
[sim] [mavros_node-14] [WARN] [1775457525.647180979] [mavros.param]: PR: 1193 params still missing, trying to request next: #231
[sim] [mavros_node-14] [WARN] [1775457526.647591773] [mavros.param]: PR: request param #231 timeout, retries left 2, and 1193 params still missing
[sim] [mavros_node-14] [WARN] [1775457527.647882062] [mavros.param]: PR: request param #231 timeout, retries left 1, and 1193 params still missing
[sim] [mavros_node-14] [WARN] [1775457528.648422917] [mavros.param]: PR: request param #231 timeout, retries left 0, and 1193 params still missing
[sim] [mavros_node-14] [ERROR] [1775457529.648738581] [mavros.param]: PR: request param #231 completely missing.
[sim] [mavros_node-14] [WARN] [1775457529.648899423] [mavros.param]: PR: 1192 params still missing, trying to request next: #232
[sim] [mavros_node-14] [WARN] [1775457530.650868855] [mavros.param]: PR: request param #232 timeout, retries left 2, and 1192 params still missing
[sim] [mavros_node-14] [WARN] [1775457531.651153777] [mavros.param]: PR: request param #232 timeout, retries left 1, and 1192 params still missing
[sim] [mavros_node-14] [WARN] [1775457532.651442118] [mavros.param]: PR: request param #232 timeout, retries left 0, and 1192 params still missing
[sim] [mavros_node-14] [ERROR] [1775457533.651713400] [mavros.param]: PR: request param #232 completely missing.
[sim] [mavros_node-14] [WARN] [1775457533.651852231] [mavros.param]: PR: 1191 params still missing, trying to request next: #233
[sim] [mavros_node-14] [WARN] [1775457534.652137793] [mavros.param]: PR: request param #233 timeout, retries left 2, and 1191 params still missing
[sim] [mavros_node-14] [WARN] [1775457535.652407919] [mavros.param]: PR: request param #233 timeout, retries left 1, and 1191 params still missing
[sim] [mavros_node-14] [WARN] [1775457536.652791601] [mavros.param]: PR: request param #233 timeout, retries left 0, and 1191 params still missing
[sim] [mavros_node-14] [ERROR] [1775457537.653057825] [mavros.param]: PR: request param #233 completely missing.
[sim] [mavros_node-14] [WARN] [1775457537.653178833] [mavros.param]: PR: 1190 params still missing, trying to request next: #234
[sim] [mavros_node-14] [WARN] [1775457538.653423659] [mavros.param]: PR: request param #234 timeout, retries left 2, and 1190 params still missing
[sim] [mavros_node-14] [WARN] [1775457539.653779487] [mavros.param]: PR: request param #234 timeout, retries left 1, and 1190 params still missing
[sim] [mavros_node-14] [WARN] [1775457540.654034327] [mavros.param]: PR: request param #234 timeout, retries left 0, and 1190 params still missing
[sim] [mavros_node-14] [ERROR] [1775457541.654365945] [mavros.param]: PR: request param #234 completely missing.
[sim] [mavros_node-14] [WARN] [1775457541.654493966] [mavros.param]: PR: 1189 params still missing, trying to request next: #235
[sim] [mavros_node-14] [WARN] [1775457542.654737780] [mavros.param]: PR: request param #235 timeout, retries left 2, and 1189 params still missing
[sim] [mavros_node-14] [WARN] [1775457543.655043214] [mavros.param]: PR: request param #235 timeout, retries left 1, and 1189 params still missing
[sim] [mavros_node-14] [WARN] [1775457544.655487611] [mavros.param]: PR: request param #235 timeout, retries left 0, and 1189 params still missing
[sim] [mavros_node-14] [ERROR] [1775457545.655799521] [mavros.param]: PR: request param #235 completely missing.
[sim] [mavros_node-14] [WARN] [1775457545.655914859] [mavros.param]: PR: 1188 params still missing, trying to request next: #236
[sim] [mavros_node-14] [WARN] [1775457546.656226360] [mavros.param]: PR: request param #236 timeout, retries left 2, and 1188 params still missing
[sim] [mavros_node-14] [INFO] [1775457547.627209669] [mavros.param]: PR: got an unsolicited param value idx=222, not resetting retries count 2
[sim] [mavros_node-14] [INFO] [1775457547.628270588] [mavros.param]: PR: got an unsolicited param value idx=222, not resetting retries count 2
[sim] [mavros_node-14] [INFO] [1775457547.628768025] [mavros.param]: PR: got an unsolicited param value idx=222, not resetting retries count 2
[sim] [mavros_node-14] [INFO] [1775457547.629090041] [mavros.param]: PR: got an unsolicited param value idx=223, not resetting retries count 2
[sim] [mavros_node-14] [INFO] [1775457547.629498030] [mavros.param]: PR: got an unsolicited param value idx=223, not resetting retries count 2
[sim] [mavros_node-14] [WARN] [1775457548.629655766] [mavros.param]: PR: request param #236 timeout, retries left 1, and 1188 params still missing
[sim] [mavros_node-14] [WARN] [1775457549.629867576] [mavros.param]: PR: request param #236 timeout, retries left 0, and 1188 params still missing
[sim] [mavros_node-14] [ERROR] [1775457550.630172033] [mavros.param]: PR: request param #236 completely missing.
[sim] [mavros_node-14] [WARN] [1775457550.630362381] [mavros.param]: PR: 1187 params still missing, trying to request next: #237
[sim] [mavros_node-14] [WARN] [1775457551.630543478] [mavros.param]: PR: request param #237 timeout, retries left 2, and 1187 params still missing
[sim] [mavros_node-14] [WARN] [1775457552.630782476] [mavros.param]: PR: request param #237 timeout, retries left 1, and 1187 params still missing
[sim] [mavros_node-14] [WARN] [1775457553.631120071] [mavros.param]: PR: request param #237 timeout, retries left 0, and 1187 params still missing
[sim] [mavros_node-14] [ERROR] [1775457554.631340608] [mavros.param]: PR: request param #237 completely missing.
[sim] [mavros_node-14] [WARN] [1775457554.631481654] [mavros.param]: PR: 1186 params still missing, trying to request next: #238
[sim] [mavros_node-14] [WARN] [1775457555.631639715] [mavros.param]: PR: request param #238 timeout, retries left 2, and 1186 params still missing
[sim] [mavros_node-14] [WARN] [1775457556.631946819] [mavros.param]: PR: request param #238 timeout, retries left 1, and 1186 params still missing
[sim] [mavros_node-14] [WARN] [1775457557.632389340] [mavros.param]: PR: request param #238 timeout, retries left 0, and 1186 params still missing
[sim] [mavros_node-14] [ERROR] [1775457558.632679335] [mavros.param]: PR: request param #238 completely missing.
[sim] [mavros_node-14] [WARN] [1775457558.632826442] [mavros.param]: PR: 1185 params still missing, trying to request next: #239
[sim] [mavros_node-14] [WARN] [1775457559.633019146] [mavros.param]: PR: request param #239 timeout, retries left 2, and 1185 params still missing
[sim] [mavros_node-14] [WARN] [1775457560.633424492] [mavros.param]: PR: request param #239 timeout, retries left 1, and 1185 params still missing
[sim] [mavros_node-14] [WARN] [1775457561.633742436] [mavros.param]: PR: request param #239 timeout, retries left 0, and 1185 params still missing
[sim] [mavros_node-14] [ERROR] [1775457562.634092521] [mavros.param]: PR: request param #239 completely missing.
[mavros_node-14] [WARN] [1775457562.634238977] [mavros.param]: PR: 1184 params still missing, trying to request next: #240
[sim] [mavros_node-14] [WARN] [1775457563.634523080] [mavros.param]: PR: request param #240 timeout, retries left 2, and 1184 params still missing
[sim] [mavros_node-14] [WARN] [1775457564.634813526] [mavros.param]: PR: request param #240 timeout, retries left 1, and 1184 params still missing
[sim] [mavros_node-14] [WARN] [1775457565.635122018] [mavros.param]: PR: request param #240 timeout, retries left 0, and 1184 params still missing
[sim] [mavros_node-14] [ERROR] [1775457566.635422466] [mavros.param]: PR: request param #240 completely missing.
[sim] [mavros_node-14] [WARN] [1775457566.635550708] [mavros.param]: PR: 1183 params still missing, trying to request next: #241
[sim] [mavros_node-14] [WARN] [1775457567.635875904] [mavros.param]: PR: request param #241 timeout, retries left 2, and 1183 params still missing
[sim] [mavros_node-14] [WARN] [1775457568.636242760] [mavros.param]: PR: request param #241 timeout, retries left 1, and 1183 params still missing
[sim] [mavros_node-14] [WARN] [1775457569.636583348] [mavros.param]: PR: request param #241 timeout, retries left 0, and 1183 params still missing
[sim] [mavros_node-14] [ERROR] [1775457570.636958422] [mavros.param]: PR: request param #241 completely missing.
[sim] [mavros_node-14] [WARN] [1775457570.637093407] [mavros.param]: PR: 1182 params still missing, trying to request next: #242
[sim] [mavros_node-14] [INFO] [1775457571.506155792] [mavros.param]: PR: got an unsolicited param value idx=223, not resetting retries count 3
[sim] [mavros_node-14] [INFO] [1775457571.506946692] [mavros.param]: PR: got an unsolicited param value idx=223, not resetting retries count 3
[sim] [mavros_node-14] [INFO] [1775457571.507211782] [mavros.param]: PR: got an unsolicited param value idx=224, not resetting retries count 3
[sim] [mavros_node-14] [INFO] [1775457571.507535732] [mavros.param]: PR: got an unsolicited param value idx=224, not resetting retries count 3
[sim] [mavros_node-14] [INFO] [1775457571.507761187] [mavros.param]: PR: got an unsolicited param value idx=224, not resetting retries count 3
[sim] [mavros_node-14] [WARN] [1775457572.508115342] [mavros.param]: PR: request param #242 timeout, retries left 2, and 1182 params still missing
[sim] [mavros_node-14] [WARN] [1775457573.508324474] [mavros.param]: PR: request param #242 timeout, retries left 1, and 1182 params still missing
[sim] [mavros_node-14] [WARN] [1775457574.509353012] [mavros.param]: PR: request param #242 timeout, retries left 0, and 1182 params still missing
[sim] [mavros_node-14] [ERROR] [1775457575.509617111] [mavros.param]: PR: request param #242 completely missing.
[sim] [mavros_node-14] [WARN] [1775457575.509748037] [mavros.param]: PR: 1181 params still missing, trying to request next: #243
[sim] [mavros_node-14] [WARN] [1775457576.509878365] [mavros.param]: PR: request param #243 timeout, retries left 2, and 1181 params still missing
[sim] [mavros_node-14] [WARN] [1775457577.510138338] [mavros.param]: PR: request param #243 timeout, retries left 1, and 1181 params still missing
[sim] [mavros_node-14] [WARN] [1775457578.510425042] [mavros.param]: PR: request param #243 timeout, retries left 0, and 1181 params still missing
[sim] [mavros_node-14] [ERROR] [1775457579.510756241] [mavros.param]: PR: request param #243 completely missing.
[sim] [mavros_node-14] [WARN] [1775457579.510906073] [mavros.param]: PR: 1180 params still missing, trying to request next: #244
[sim] [mavros_node-14] [WARN] [1775457580.511075649] [mavros.param]: PR: request param #244 timeout, retries left 2, and 1180 params still missing
[sim] [mavros_node-14] [WARN] [1775457581.511334433] [mavros.param]: PR: request param #244 timeout, retries left 1, and 1180 params still missing
[sim] [mavros_node-14] [WARN] [1775457582.511655596] [mavros.param]: PR: request param #244 timeout, retries left 0, and 1180 params still missing
[sim] [mavros_node-14] [ERROR] [1775457583.511952483] [mavros.param]: PR: request param #244 completely missing.
[sim] [mavros_node-14] [WARN] [1775457583.512081006] [mavros.param]: PR: 1179 params still missing, trying to request next: #245
[sim] [mavros_node-14] [WARN] [1775457584.512329513] [mavros.param]: PR: request param #245 timeout, retries left 2, and 1179 params still missing
[sim] [mavros_node-14] [WARN] [1775457585.512595013] [mavros.param]: PR: request param #245 timeout, retries left 1, and 1179 params still missing
[sim] [mavros_node-14] [WARN] [1775457586.512947888] [mavros.param]: PR: request param #245 timeout, retries left 0, and 1179 params still missing
[sim] [mavros_node-14] [ERROR] [1775457587.513199504] [mavros.param]: PR: request param #245 completely missing.
[sim] [mavros_node-14] [WARN] [1775457587.513379012] [mavros.param]: PR: 1178 params still missing, trying to request next: #246
[sim] [mavros_node-14] [WARN] [1775457588.513575263] [mavros.param]: PR: request param #246 timeout, retries left 2, and 1178 params still missing
[sim] [mavros_node-14] [WARN] [1775457589.513863489] [mavros.param]: PR: request param #246 timeout, retries left 1, and 1178 params still missing
[sim] [mavros_node-14] [WARN] [1775457590.514175479] [mavros.param]: PR: request param #246 timeout, retries left 0, and 1178 params still missing
[sim] [mavros_node-14] [ERROR] [1775457591.514472733] [mavros.param]: PR: request param #246 completely missing.
[sim] [mavros_node-14] [WARN] [1775457591.514587389] [mavros.param]: PR: 1177 params still missing, trying to request next: #247
[sim] [mavros_node-14] [WARN] [1775457592.514799993] [mavros.param]: PR: request param #247 timeout, retries left 2, and 1177 params still missing
[sim] [mavros_node-14] [WARN] [1775457593.516697583] [mavros.param]: PR: request param #247 timeout, retries left 1, and 1177 params still missing
[sim] [mavros_node-14] [WARN] [1775457594.517097311] [mavros.param]: PR: request param #247 timeout, retries left 0, and 1177 params still missing
[sim] [mavros_node-14] [ERROR] [1775457595.517511015] [mavros.param]: PR: request param #247 completely missing.
[sim] [mavros_node-14] [WARN] [1775457595.517650618] [mavros.param]: PR: 1176 params still missing, trying to request next: #248
[sim] [mavros_node-14] [WARN] [1775457596.517951159] [mavros.param]: PR: request param #248 timeout, retries left 2, and 1176 params still missing
[sim] [mavros_node-14] [WARN] [1775457597.518297638] [mavros.param]: PR: request param #248 timeout, retries left 1, and 1176 params still missing
[sim] [mavros_node-14] [WARN] [1775457598.518616444] [mavros.param]: PR: request param #248 timeout, retries left 0, and 1176 params still missing
[sim] [mavros_node-14] [INFO] [1775457598.658052839] [mavros.param]: PR: got an unsolicited param value idx=224, not resetting retries count 0
[sim] [mavros_node-14] [INFO] [1775457598.658930733] [mavros.param]: PR: got an unsolicited param value idx=225, not resetting retries count 0
[sim] [mavros_node-14] [INFO] [1775457598.659423963] [mavros.param]: PR: got an unsolicited param value idx=225, not resetting retries count 0
[sim] [mavros_node-14] [INFO] [1775457598.659928283] [mavros.param]: PR: got an unsolicited param value idx=225, not resetting retries count 0
[sim] [mavros_node-14] [INFO] [1775457598.660652238] [mavros.param]: PR: got an unsolicited param value idx=225, not resetting retries count 0
[sim] [mavros_node-14] [ERROR] [1775457599.660951290] [mavros.param]: PR: request param #248 completely missing.
[sim] [mavros_node-14] [WARN] [1775457599.661059934] [mavros.param]: PR: 1175 params still missing, trying to request next: #249
[sim] [mavros_node-14] [WARN] [1775457600.661218181] [mavros.param]: PR: request param #249 timeout, retries left 2, and 1175 params still missing
[sim] [mavros_node-14] [WARN] [1775457601.661543773] [mavros.param]: PR: request param #249 timeout, retries left 1, and 1175 params still missing
[sim] [mavros_node-14] [WARN] [1775457602.661834770] [mavros.param]: PR: request param #249 timeout, retries left 0, and 1175 params still missing
[sim] [mavros_node-14] [ERROR] [1775457603.662120597] [mavros.param]: PR: request param #249 completely missing.
[sim] [mavros_node-14] [WARN] [1775457603.662318761] [mavros.param]: PR: 1174 params still missing, trying to request next: #250
[sim] [mavros_node-14] [WARN] [1775457604.662698926] [mavros.param]: PR: request param #250 timeout, retries left 2, and 1174 params still missing
[sim] [mavros_node-14] [WARN] [1775457605.663146888] [mavros.param]: PR: request param #250 timeout, retries left 1, and 1174 params still missing
[sim] [mavros_node-14] [WARN] [1775457606.663513187] [mavros.param]: PR: request param #250 timeout, retries left 0, and 1174 params still missing
[sim] [mavros_node-14] [ERROR] [1775457607.663933547] [mavros.param]: PR: request param #250 completely missing.
[sim] [mavros_node-14] [WARN] [1775457607.664069964] [mavros.param]: PR: 1173 params still missing, trying to request next: #251
[sim] [mavros_node-14] [WARN] [1775457608.664251555] [mavros.param]: PR: request param #251 timeout, retries left 2, and 1173 params still missing
[sim] [mavros_node-14] [WARN] [1775457609.664579610] [mavros.param]: PR: request param #251 timeout, retries left 1, and 1173 params still missing
[sim] [mavros_node-14] [WARN] [1775457610.665027322] [mavros.param]: PR: request param #251 timeout, retries left 0, and 1173 params still missing
[sim] [mavros_node-14] [ERROR] [1775457611.665409820] [mavros.param]: PR: request param #251 completely missing.
[sim] [mavros_node-14] [WARN] [1775457611.665551046] [mavros.param]: PR: 1172 params still missing, trying to request next: #252
[sim] [mavros_node-14] [WARN] [1775457612.665833795] [mavros.param]: PR: request param #252 timeout, retries left 2, and 1172 params still missing
[sim] [mavros_node-14] [WARN] [1775457613.666223195] [mavros.param]: PR: request param #252 timeout, retries left 1, and 1172 params still missing
[sim] [mavros_node-14] [WARN] [1775457614.666581446] [mavros.param]: PR: request param #252 timeout, retries left 0, and 1172 params still missing
[sim] [mavros_node-14] [ERROR] [1775457615.666900683] [mavros.param]: PR: request param #252 completely missing.
[sim] [mavros_node-14] [WARN] [1775457615.667029907] [mavros.param]: PR: 1171 params still missing, trying to request next: #253
[sim] [mavros_node-14] [WARN] [1775457616.667379851] [mavros.param]: PR: request param #253 timeout, retries left 2, and 1171 params still missing
[sim] [mavros_node-14] [WARN] [1775457617.667828311] [mavros.param]: PR: request param #253 timeout, retries left 1, and 1171 params still missing
[sim] [mavros_node-14] [WARN] [1775457618.668358895] [mavros.param]: PR: request param #253 timeout, retries left 0, and 1171 params still missing
[sim] [mavros_node-14] [ERROR] [1775457619.668910728] [mavros.param]: PR: request param #253 completely missing.
[sim] [mavros_node-14] [WARN] [1775457619.669069076] [mavros.param]: PR: 1170 params still missing, trying to request next: #254
[sim] [mavros_node-14] [WARN] [1775457620.669223810] [mavros.param]: PR: request param #254 timeout, retries left 2, and 1170 params still missing
[sim] [mavros_node-14] [WARN] [1775457621.669514931] [mavros.param]: PR: request param #254 timeout, retries left 1, and 1170 params still missing
[sim] [mavros_node-14] [WARN] [1775457622.669717894] [mavros.param]: PR: request param #254 timeout, retries left 0, and 1170 params still missing
[sim] [mavros_node-14] [ERROR] [1775457623.669945453] [mavros.param]: PR: request param #254 completely missing.
[sim] [mavros_node-14] [WARN] [1775457623.670089124] [mavros.param]: PR: 1169 params still missing, trying to request next: #255
[sim] [mavros_node-14] [INFO] [1775457623.877893909] [mavros.param]: PR: got an unsolicited param value idx=226, not resetting retries count 3
[sim] [mavros_node-14] [INFO] [1775457623.878814635] [mavros.param]: PR: got an unsolicited param value idx=226, not resetting retries count 3
[sim] [mavros_node-14] [INFO] [1775457623.879179653] [mavros.param]: PR: got an unsolicited param value idx=226, not resetting retries count 3
[sim] [mavros_node-14] [INFO] [1775457623.879715564] [mavros.param]: PR: got an unsolicited param value idx=226, not resetting retries count 3
[sim] [mavros_node-14] [INFO] [1775457623.880067647] [mavros.param]: PR: got an unsolicited param value idx=227, not resetting retries count 3
[sim] [mavros_node-14] [WARN] [1775457624.880520685] [mavros.param]: PR: request param #255 timeout, retries left 2, and 1169 params still missing
[sim] [mavros_node-14] [WARN] [1775457625.880817126] [mavros.param]: PR: request param #255 timeout, retries left 1, and 1169 params still missing
[sim] [mavros_node-14] [WARN] [1775457626.881055026] [mavros.param]: PR: request param #255 timeout, retries left 0, and 1169 params still missing
[sim] [mavros_node-14] [ERROR] [1775457627.881324394] [mavros.param]: PR: request param #255 completely missing.
[sim] [mavros_node-14] [WARN] [1775457627.881458016] [mavros.param]: PR: 1168 params still missing, trying to request next: #256
[sim] [mavros_node-14] [WARN] [1775457628.883242651] [mavros.param]: PR: request param #256 timeout, retries left 2, and 1168 params still missing
[sim] [mavros_node-14] [WARN] [1775457629.883710371] [mavros.param]: PR: request param #256 timeout, retries left 1, and 1168 params still missing
[sim] [mavros_node-14] [WARN] [1775457630.884571261] [mavros.param]: PR: request param #256 timeout, retries left 0, and 1168 params still missing
[sim] [mavros_node-14] [ERROR] [1775457631.884849573] [mavros.param]: PR: request param #256 completely missing.
[sim] [mavros_node-14] [WARN] [1775457631.884974478] [mavros.param]: PR: 1167 params still missing, trying to request next: #257
[sim] [mavros_node-14] [WARN] [1775457632.885208825] [mavros.param]: PR: request param #257 timeout, retries left 2, and 1167 params still missing
[sim] [mavros_node-14] [WARN] [1775457633.885474821] [mavros.param]: PR: request param #257 timeout, retries left 1, and 1167 params still missing
[sim] [mavros_node-14] [WARN] [1775457634.885977031] [mavros.param]: PR: request param #257 timeout, retries left 0, and 1167 params still missing
[sim] [mavros_node-14] [ERROR] [1775457635.886327103] [mavros.param]: PR: request param #257 completely missing.
[sim] [mavros_node-14] [WARN] [1775457635.886441719] [mavros.param]: PR: 1166 params still missing, trying to request next: #258
[sim] [mavros_node-14] [WARN] [1775457636.886688995] [mavros.param]: PR: request param #258 timeout, retries left 2, and 1166 params still missing
[sim] [mavros_node-14] [WARN] [1775457637.887019898] [mavros.param]: PR: request param #258 timeout, retries left 1, and 1166 params still missing
[sim] [mavros_node-14] [WARN] [1775457638.887838249] [mavros.param]: PR: request param #258 timeout, retries left 0, and 1166 params still missing
[sim] [mavros_node-14] [ERROR] [1775457639.888227670] [mavros.param]: PR: request param #258 completely missing.
[sim] [mavros_node-14] [WARN] [1775457639.888366371] [mavros.param]: PR: 1165 params still missing, trying to request next: #259
[sim] [mavros_node-14] [WARN] [1775457640.888685097] [mavros.param]: PR: request param #259 timeout, retries left 2, and 1165 params still missing
[sim] [mavros_node-14] [WARN] [1775457641.889081939] [mavros.param]: PR: request param #259 timeout, retries left 1, and 1165 params still missing
[sim] [mavros_node-14] [WARN] [1775457642.889667204] [mavros.param]: PR: request param #259 timeout, retries left 0, and 1165 params still missing
[sim] [mavros_node-14] [ERROR] [1775457643.889892209] [mavros.param]: PR: request param #259 completely missing.
[sim] [mavros_node-14] [WARN] [1775457643.890022144] [mavros.param]: PR: 1164 params still missing, trying to request next: #260
[sim] [mavros_node-14] [WARN] [1775457644.890156987] [mavros.param]: PR: request param #260 timeout, retries left 2, and 1164 params still missing
[sim] [mavros_node-14] [WARN] [1775457645.890394222] [mavros.param]: PR: request param #260 timeout, retries left 1, and 1164 params still missing
[sim] [mavros_node-14] [INFO] [1775457646.320964952] [mavros.param]: PR: got an unsolicited param value idx=228, not resetting retries count 1
[sim] [mavros_node-14] [INFO] [1775457646.321899284] [mavros.param]: PR: got an unsolicited param value idx=228, not resetting retries count 1
[sim] [mavros_node-14] [INFO] [1775457646.322326519] [mavros.param]: PR: got an unsolicited param value idx=228, not resetting retries count 1
[sim] [mavros_node-14] [INFO] [1775457646.322675417] [mavros.param]: PR: got an unsolicited param value idx=228, not resetting retries count 1
[sim] [mavros_node-14] [INFO] [1775457646.323526322] [mavros.param]: PR: got an unsolicited param value idx=228, not resetting retries count 1
[sim] [mavros_node-14] [WARN] [1775457647.323850647] [mavros.param]: PR: request param #260 timeout, retries left 0, and 1164 params still missing
[sim] [mavros_node-14] [ERROR] [1775457648.324212051] [mavros.param]: PR: request param #260 completely missing.
[sim] [mavros_node-14] [WARN] [1775457648.324336826] [mavros.param]: PR: 1163 params still missing, trying to request next: #261
[sim] [mavros_node-14] [WARN] [1775457649.324552583] [mavros.param]: PR: request param #261 timeout, retries left 2, and 1163 params still missing
[sim] [mavros_node-14] [WARN] [1775457650.324864760] [mavros.param]: PR: request param #261 timeout, retries left 1, and 1163 params still missing
[sim] [mavros_node-14] [WARN] [1775457651.326540928] [mavros.param]: PR: request param #261 timeout, retries left 0, and 1163 params still missing
[sim] [mavros_node-14] [ERROR] [1775457652.326904939] [mavros.param]: PR: request param #261 completely missing.
[sim] [mavros_node-14] [WARN] [1775457652.327040244] [mavros.param]: PR: 1162 params still missing, trying to request next: #262
[sim] [mavros_node-14] [WARN] [1775457653.327210418] [mavros.param]: PR: request param #262 timeout, retries left 2, and 1162 params still missing
[sim] [mavros_node-14] [WARN] [1775457654.329440925] [mavros.param]: PR: request param #262 timeout, retries left 1, and 1162 params still missing
[sim] [mavros_node-14] [WARN] [1775457655.330181992] [mavros.param]: PR: request param #262 timeout, retries left 0, and 1162 params still missing
[sim] [mavros_node-14] [ERROR] [1775457656.330413696] [mavros.param]: PR: request param #262 completely missing.
[sim] [mavros_node-14] [WARN] [1775457656.330552368] [mavros.param]: PR: 1161 params still missing, trying to request next: #263
[sim] [mavros_node-14] [WARN] [1775457657.330722394] [mavros.param]: PR: request param #263 timeout, retries left 2, and 1161 params still missing
[sim] [mavros_node-14] [WARN] [1775457658.330979211] [mavros.param]: PR: request param #263 timeout, retries left 1, and 1161 params still missing
[sim] [mavros_node-14] [WARN] [1775457659.331210007] [mavros.param]: PR: request param #263 timeout, retries left 0, and 1161 params still missing
[sim] [mavros_node-14] [ERROR] [1775457660.331552793] [mavros.param]: PR: request param #263 completely missing.
[sim] [mavros_node-14] [WARN] [1775457660.331790932] [mavros.param]: PR: 1160 params still missing, trying to request next: #264
[sim] [mavros_node-14] [INFO] [1775457661.108176451] [mavros.param]: PR: got an unsolicited param value idx=236, not resetting retries count 3
[sim] [mavros_node-14] [INFO] [1775457661.108937356] [mavros.param]: PR: got an unsolicited param value idx=236, not resetting retries count 3
[sim] [mavros_node-14] [INFO] [1775457661.109320429] [mavros.param]: PR: got an unsolicited param value idx=236, not resetting retries count 3
[sim] [mavros_node-14] [INFO] [1775457661.109735381] [mavros.param]: PR: got an unsolicited param value idx=236, not resetting retries count 3
[mavros_node-14] [INFO] [1775457661.109999870] [mavros.param]: PR: got an unsolicited param value idx=236, not resetting retries count 3
[sim] [mavros_node-14] [WARN] [1775457662.110158981] [mavros.param]: PR: request param #264 timeout, retries left 2, and 1160 params still missing
[sim] [mavros_node-14] [WARN] [1775457663.110429469] [mavros.param]: PR: request param #264 timeout, retries left 1, and 1160 params still missing
[sim] [mavros_node-14] [WARN] [1775457664.110707430] [mavros.param]: PR: request param #264 timeout, retries left 0, and 1160 params still missing
[sim] [mavros_node-14] [ERROR] [1775457665.111013311] [mavros.param]: PR: request param #264 completely missing.
[sim] [mavros_node-14] [WARN] [1775457665.111163243] [mavros.param]: PR: 1159 params still missing, trying to request next: #265
[sim] [mavros_node-14] [WARN] [1775457666.111299352] [mavros.param]: PR: request param #265 timeout, retries left 2, and 1159 params still missing
[sim] [mavros_node-14] [WARN] [1775457667.111536729] [mavros.param]: PR: request param #265 timeout, retries left 1, and 1159 params still missing
[sim] [mavros_node-14] [WARN] [1775457668.111779383] [mavros.param]: PR: request param #265 timeout, retries left 0, and 1159 params still missing
[sim] [mavros_node-14] [ERROR] [1775457669.112114630] [mavros.param]: PR: request param #265 completely missing.
[sim] [mavros_node-14] [WARN] [1775457669.112384549] [mavros.param]: PR: 1158 params still missing, trying to request next: #266
[sim] [mavros_node-14] [WARN] [1775457670.112550134] [mavros.param]: PR: request param #266 timeout, retries left 2, and 1158 params still missing
[sim] [mavros_node-14] [WARN] [1775457671.112822607] [mavros.param]: PR: request param #266 timeout, retries left 1, and 1158 params still missing
[sim] [mavros_node-14] [WARN] [1775457672.113097653] [mavros.param]: PR: request param #266 timeout, retries left 0, and 1158 params still missing
[sim] [mavros_node-14] [ERROR] [1775457673.113420346] [mavros.param]: PR: request param #266 completely missing.
[sim] [mavros_node-14] [WARN] [1775457673.113556443] [mavros.param]: PR: 1157 params still missing, trying to request next: #267
[sim] [mavros_node-14] [WARN] [1775457674.113785527] [mavros.param]: PR: request param #267 timeout, retries left 2, and 1157 params still missing
[sim] [mavros_node-14] [WARN] [1775457675.114073148] [mavros.param]: PR: request param #267 timeout, retries left 1, and 1157 params still missing
[sim] [mavros_node-14] [WARN] [1775457676.114320832] [mavros.param]: PR: request param #267 timeout, retries left 0, and 1157 params still missing
[sim] [mavros_node-14] [ERROR] [1775457677.114691365] [mavros.param]: PR: request param #267 completely missing.
[sim] [mavros_node-14] [WARN] [1775457677.114819386] [mavros.param]: PR: 1156 params still missing, trying to request next: #268
[sim] [mavros_node-14] [WARN] [1775457678.115046065] [mavros.param]: PR: request param #268 timeout, retries left 2, and 1156 params still missing
[sim] [mavros_node-14] [INFO] [1775457679.064596752] [mavros.param]: PR: got an unsolicited param value idx=242, not resetting retries count 2
[sim] [mavros_node-14] [INFO] [1775457679.065603361] [mavros.param]: PR: got an unsolicited param value idx=242, not resetting retries count 2
[sim] [mavros_node-14] [INFO] [1775457679.065950295] [mavros.param]: PR: got an unsolicited param value idx=242, not resetting retries count 2
[sim] [mavros_node-14] [INFO] [1775457679.066216087] [mavros.param]: PR: got an unsolicited param value idx=242, not resetting retries count 2
[sim] [mavros_node-14] [INFO] [1775457679.066499902] [mavros.param]: PR: got an unsolicited param value idx=242, not resetting retries count 2
[sim] [mavros_node-14] [WARN] [1775457680.066799252] [mavros.param]: PR: request param #268 timeout, retries left 1, and 1156 params still missing
[sim] [mavros_node-14] [WARN] [1775457681.067253541] [mavros.param]: PR: request param #268 timeout, retries left 0, and 1156 params still missing
[sim] [mavros_node-14] [ERROR] [1775457682.067651751] [mavros.param]: PR: request param #268 completely missing.
[sim] [mavros_node-14] [WARN] [1775457682.067789100] [mavros.param]: PR: 1155 params still missing, trying to request next: #269
[sim] [mavros_node-14] [WARN] [1775457683.068022276] [mavros.param]: PR: request param #269 timeout, retries left 2, and 1155 params still missing
[sim] [mavros_node-14] [WARN] [1775457684.068318848] [mavros.param]: PR: request param #269 timeout, retries left 1, and 1155 params still missing
[sim] [mavros_node-14] [WARN] [1775457685.068833971] [mavros.param]: PR: request param #269 timeout, retries left 0, and 1155 params still missing
[sim] [mavros_node-14] [ERROR] [1775457686.069240565] [mavros.param]: PR: request param #269 completely missing.
[sim] [mavros_node-14] [WARN] [1775457686.069412980] [mavros.param]: PR: 1154 params still missing, trying to request next: #270
[sim] [mavros_node-14] [WARN] [1775457687.069640824] [mavros.param]: PR: request param #270 timeout, retries left 2, and 1154 params still missing
[sim] [mavros_node-14] [WARN] [1775457688.069806067] [mavros.param]: PR: request param #270 timeout, retries left 1, and 1154 params still missing
[sim] [mavros_node-14] [WARN] [1775457689.070098878] [mavros.param]: PR: request param #270 timeout, retries left 0, and 1154 params still missing
[sim] [mavros_node-14] [ERROR] [1775457690.070357741] [mavros.param]: PR: request param #270 completely missing.
[sim] [mavros_node-14] [WARN] [1775457690.070509678] [mavros.param]: PR: 1153 params still missing, trying to request next: #271
[sim] [mavros_node-14] [WARN] [1775457691.070656076] [mavros.param]: PR: request param #271 timeout, retries left 2, and 1153 params still missing
[sim] [mavros_node-14] [INFO] [1775457691.939420511] [mavros]: CON: Got HEARTBEAT, connected. FCU: ArduPilot
[sim] [mavros_node-14] [INFO] [1775457691.939622522] [mavros.mission]: WP: detected enable_partial_push: 1
[sim] [mavros_node-14] [INFO] [1775457691.940968330] [mavros.param]: PR: got an unsolicited param value idx=248, not resetting retries count 2
[sim] [mavros_node-14] [INFO] [1775457691.941619449] [mavros.param]: PR: got an unsolicited param value idx=248, not resetting retries count 2
[mavros_node-14] [INFO] [1775457691.942766543] [mavros.param]: PR: got an unsolicited param value idx=248, not resetting retries count 2
[mavros_node-14] [INFO] [1775457691.943194791] [mavros.param]: PR: got an unsolicited param value idx=248, not resetting retries count 2
[sim] [mavros_node-14] [INFO] [1775457691.943525725] [mavros.param]: PR: got an unsolicited param value idx=248, not resetting retries count 2
[sim] [mavros_node-14] [WARN] [1775457692.944508873] [mavros.param]: PR: request param #271 timeout, retries left 1, and 1153 params still missing
[sim] [mavros_node-14] [WARN] [1775457693.944925349] [mavros.sys]: VER: broadcast request timeout, retries left 4
[sim] [mavros_node-14] [WARN] [1775457693.945328720] [mavros.param]: PR: request param #271 timeout, retries left 0, and 1153 params still missing
[sim] [mavros_node-14] [ERROR] [1775457694.945517252] [mavros.param]: PR: request param #271 completely missing.
[sim] [mavros_node-14] [WARN] [1775457694.945611570] [mavros.param]: PR: 1152 params still missing, trying to request next: #272
[sim] [mavros_node-14] [WARN] [1775457694.946209268] [mavros.sys]: VER: broadcast request timeout, retries left 3
[sim] [mavros_node-14] [INFO] [1775457694.956312979] [mavros.sys]: VER: 1.1: Capabilities         0x000000000000fbef
[mavros_node-14] [INFO] [1775457694.956405844] [mavros.sys]: VER: 1.1: Flight software:     040507ff (b7207551)
[mavros_node-14] [INFO] [1775457694.956426242] [mavros.sys]: VER: 1.1: Middleware software: 00000000 (        )
[sim] [mavros_node-14] [INFO] [1775457694.956435069] [mavros.sys]: VER: 1.1: OS software:         00000000 (        )
[mavros_node-14] [INFO] [1775457694.956441311] [mavros.sys]: VER: 1.1: Board hardware:      00000000
[sim] [mavros_node-14] [INFO] [1775457694.956448284] [mavros.sys]: VER: 1.1: VID/PID:             0000:0000
[mavros_node-14] [INFO] [1775457694.956454516] [mavros.sys]: VER: 1.1: UID:                 0000000000000000
[sim] [mavros_node-14] [WARN] [1775457695.945851356] [mavros.param]: PR: request param #272 timeout, retries left 2, and 1152 params still missing
[sim] [web_video_server-17] [INFO] [1775457696.627433982] [web_video_server]: Handling Request: /stream?topic=/depth_camera/color/image_raw&width=1280&height=720
[sim] [web_video_server-17] [INFO] [1775457696.629154388] [web_video_server.mjpeg_streamer]: Streaming topic /depth_camera/color/image_raw with QoS profile default
[sim] [mavros_node-14] [WARN] [1775457696.946342082] [mavros.param]: PR: request param #272 timeout, retries left 1, and 1152 params still missing
[sim] [mavros_node-14] [INFO] [1775457697.935272966] [mavros.sys]: VER: 1.1: Capabilities         0x000000000000fbef
[mavros_node-14] [INFO] [1775457697.935341074] [mavros.sys]: VER: 1.1: Flight software:     040507ff (b7207551)
[mavros_node-14] [INFO] [1775457697.935359790] [mavros.sys]: VER: 1.1: Middleware software: 00000000 (        )
[sim] [mavros_node-14] [INFO] [1775457697.935393764] [mavros.sys]: VER: 1.1: OS software:         00000000 (        )
[mavros_node-14] [INFO] [1775457697.935433679] [mavros.sys]: VER: 1.1: Board hardware:      00000000
[mavros_node-14] [INFO] [1775457697.935448537] [mavros.sys]: VER: 1.1: VID/PID:             0000:0000
[mavros_node-14] [INFO] [1775457697.935456342] [mavros.sys]: VER: 1.1: UID:                 0000000000000000
[sim] [mavros_node-14] [WARN] [1775457697.946648607] [mavros.param]: PR: request param #272 timeout, retries left 0, and 1152 params still missing
[sim] [mavros_node-14] [ERROR] [1775457698.947587351] [mavros.param]: PR: request param #272 completely missing.
[sim] [mavros_node-14] [WARN] [1775457698.947761350] [mavros.param]: PR: 1151 params still missing, trying to request next: #273
[sim] [mavros_node-14] [WARN] [1775457699.948053631] [mavros.param]: PR: request param #273 timeout, retries left 2, and 1151 params still missing
[sim] [mavros_node-14] [WARN] [1775457700.948480954] [mavros.param]: PR: request param #273 timeout, retries left 1, and 1151 params still missing
[sim] [mavros_node-14] [WARN] [1775457701.943975707] [mavros]: CON: Lost connection, HEARTBEAT timed out.
[sim] [mavros_node-14] [WARN] [1775457702.941514683] [mavros.param]: PR: request list timeout, retries left 2
[sim] [mavros_node-14] [INFO] [1775457703.916835607] [mavros.sys]: FCU: ArduCopter V4.5.7 (b7207551)
[sim] [mavros_node-14] [INFO] [1775457703.917206778] [mavros.sys]: FCU: b623b2c8b384455c808f2b675edab5d3
[mavros_node-14] [INFO] [1775457703.917624856] [mavros.sys]: FCU: Frame: QUAD/X
[sim] [mavros_node-14] [INFO] [1775457703.917803283] [mavros.sys]: FCU: ArduCopter V4.5.7 (b7207551)
[mavros_node-14] [INFO] [1775457703.917957304] [mavros.sys]: FCU: b623b2c8b384455c808f2b675edab5d3
[sim] [mavros_node-14] [INFO] [1775457703.918077260] [mavros.sys]: FCU: Frame: QUAD/X
[sim] [mavros_node-14] [WARN] [1775457703.941764230] [mavros.param]: PR: request list timeout, retries left 1
[sim] [mavros_node-14] [WARN] [1775457704.942028620] [mavros.param]: PR: request list timeout, retries left 0
[sim] [mavros_node-14] [INFO] [1775457707.631155537] [mavros.sys]: FCU: ArduCopter V4.5.7 (b7207551)
[sim] [mavros_node-14] [INFO] [1775457707.631350085] [mavros.sys]: FCU: b623b2c8b384455c808f2b675edab5d3
[sim] [mavros_node-14] [INFO] [1775457707.631805514] [mavros.sys]: FCU: Frame: QUAD/X
[mavros_node-14] [INFO] [1775457707.632116861] [mavros.sys]: FCU: ArduCopter V4.5.7 (b7207551)
[sim] [mavros_node-14] [INFO] [1775457707.632232489] [mavros.sys]: FCU: b623b2c8b384455c808f2b675edab5d3
[mavros_node-14] [INFO] [1775457707.632298153] [mavros.sys]: FCU: Frame: QUAD/X
[sim] [mavros_node-14] [ERROR] [1775457708.636515052] [mavros.param]: PR: request param #0 completely missing.
[sim] [mavros_node-14] [WARN] [1775457708.636635970] [mavros.param]: PR: 1422 params still missing, trying to request next: #1
[sim] [mavros_node-14] [WARN] [1775457709.636866904] [mavros.param]: PR: request param #1 timeout, retries left 2, and 1422 params still missing
[sim] [mavros_node-14] [WARN] [1775457710.637812513] [mavros.param]: PR: request param #1 timeout, retries left 1, and 1422 params still missing
[sim] [mavros_node-14] [WARN] [1775457711.638228008] [mavros.param]: PR: request param #1 timeout, retries left 0, and 1422 params still missing
[sim] [mavros_node-14] [ERROR] [1775457712.638735443] [mavros.param]: PR: request param #1 completely missing.
[sim] [mavros_node-14] [WARN] [1775457712.638885877] [mavros.param]: PR: 1421 params still missing, trying to request next: #2
[sim] [mavros_node-14] [WARN] [1775457713.639242743] [mavros.param]: PR: request param #2 timeout, retries left 2, and 1421 params still missing
[sim] [mavros_node-14] [WARN] [1775457714.640046209] [mavros.param]: PR: request param #2 timeout, retries left 1, and 1421 params still missing
[sim] [mavros_node-14] [WARN] [1775457715.641329566] [mavros.param]: PR: request param #2 timeout, retries left 0, and 1421 params still missing
[sim] [mavros_node-14] [ERROR] [1775457716.641602722] [mavros.param]: PR: request param #2 completely missing.
[sim] [mavros_node-14] [WARN] [1775457716.641749740] [mavros.param]: PR: 1420 params still missing, trying to request next: #3
[sim] [mavros_node-14] [WARN] [1775457717.641930789] [mavros.param]: PR: request param #3 timeout, retries left 2, and 1420 params still missing
[sim] [mavros_node-14] [WARN] [1775457718.642185172] [mavros.param]: PR: request param #3 timeout, retries left 1, and 1420 params still missing
[sim] [mavros_node-14] [WARN] [1775457719.642401269] [mavros.param]: PR: request param #3 timeout, retries left 0, and 1420 params still missing
[sim] [mavros_node-14] [INFO] [1775457720.048872966] [mavros.param]: PR: got an unsolicited param value idx=260, not resetting retries count 0
[sim] [mavros_node-14] [INFO] [1775457720.049621448] [mavros.param]: PR: got an unsolicited param value idx=260, not resetting retries count 0
[sim] [mavros_node-14] [INFO] [1775457720.050107215] [mavros.param]: PR: got an unsolicited param value idx=260, not resetting retries count 0
[mavros_node-14] [INFO] [1775457720.051511184] [mavros.param]: PR: got an unsolicited param value idx=260, not resetting retries count 0
[mavros_node-14] [INFO] [1775457720.051828343] [mavros.param]: PR: got an unsolicited param value idx=260, not resetting retries count 0
[sim] [mavros_node-14] [ERROR] [1775457721.052025947] [mavros.param]: PR: request param #3 completely missing.
[sim] [mavros_node-14] [WARN] [1775457721.052158547] [mavros.param]: PR: 1418 params still missing, trying to request next: #4
[sim] [mavros_node-14] [WARN] [1775457722.052375474] [mavros.param]: PR: request param #4 timeout, retries left 2, and 1418 params still missing
[sim] [mavros_node-14] [WARN] [1775457723.052657620] [mavros.param]: PR: request param #4 timeout, retries left 1, and 1418 params still missing
[sim] [mavros_node-14] [WARN] [1775457724.052902541] [mavros.param]: PR: request param #4 timeout, retries left 0, and 1418 params still missing
[sim] [mavros_node-14] [ERROR] [1775457725.053201060] [mavros.param]: PR: request param #4 completely missing.
[sim] [mavros_node-14] [WARN] [1775457725.053341435] [mavros.param]: PR: 1417 params still missing, trying to request next: #5
[sim] [mavros_node-14] [WARN] [1775457726.053520373] [mavros.param]: PR: request param #5 timeout, retries left 2, and 1417 params still missing
[sim] [mavros_node-14] [WARN] [1775457727.053798855] [mavros.param]: PR: request param #5 timeout, retries left 1, and 1417 params still missing
[sim] [mavros_node-14] [WARN] [1775457728.054062234] [mavros.param]: PR: request param #5 timeout, retries left 0, and 1417 params still missing
[sim] [mavros_node-14] [ERROR] [1775457729.054383538] [mavros.param]: PR: request param #5 completely missing.
[sim] [mavros_node-14] [WARN] [1775457729.054537499] [mavros.param]: PR: 1416 params still missing, trying to request next: #6
[sim] [mavros_node-14] [WARN] [1775457730.054735435] [mavros.param]: PR: request param #6 timeout, retries left 2, and 1416 params still missing
[sim] [mavros_node-14] [WARN] [1775457731.055074975] [mavros.param]: PR: request param #6 timeout, retries left 1, and 1416 params still missing
[sim] [mavros_node-14] [WARN] [1775457732.055454355] [mavros.param]: PR: request param #6 timeout, retries left 0, and 1416 params still missing
[sim] [mavros_node-14] [ERROR] [1775457733.056321291] [mavros.param]: PR: request param #6 completely missing.
[sim] [mavros_node-14] [WARN] [1775457733.056453952] [mavros.param]: PR: 1415 params still missing, trying to request next: #7
[sim] [mavros_node-14] [WARN] [1775457734.056710040] [mavros.param]: PR: request param #7 timeout, retries left 2, and 1415 params still missing
[sim] [mavros_node-14] [INFO] [1775457735.004915195] [mavros.param]: PR: got an unsolicited param value idx=264, not resetting retries count 2
[sim] [mavros_node-14] [INFO] [1775457735.005769567] [mavros.param]: PR: got an unsolicited param value idx=264, not resetting retries count 2
[sim] [mavros_node-14] [INFO] [1775457735.006251356] [mavros.param]: PR: got an unsolicited param value idx=264, not resetting retries count 2
[sim] [mavros_node-14] [INFO] [1775457735.006577662] [mavros.param]: PR: got an unsolicited param value idx=264, not resetting retries count 2
[sim] [mavros_node-14] [INFO] [1775457735.006937180] [mavros.param]: PR: got an unsolicited param value idx=264, not resetting retries count 2
[sim] [mavros_node-14] [WARN] [1775457736.007270886] [mavros.param]: PR: request param #7 timeout, retries left 1, and 1414 params still missing
[sim] [mavros_node-14] [WARN] [1775457737.007566815] [mavros.param]: PR: request param #7 timeout, retries left 0, and 1414 params still missing
[sim] [mavros_node-14] [ERROR] [1775457738.007930648] [mavros.param]: PR: request param #7 completely missing.
[sim] [mavros_node-14] [WARN] [1775457738.008063599] [mavros.param]: PR: 1413 params still missing, trying to request next: #8
[sim] [mavros_node-14] [WARN] [1775457739.008432046] [mavros.param]: PR: request param #8 timeout, retries left 2, and 1413 params still missing
[sim] [mavros_node-14] [WARN] [1775457740.008879578] [mavros.param]: PR: request param #8 timeout, retries left 1, and 1413 params still missing
[sim] [mavros_node-14] [WARN] [1775457741.009286949] [mavros.param]: PR: request param #8 timeout, retries left 0, and 1413 params still missing
[sim] [mavros_node-14] [ERROR] [1775457742.009685939] [mavros.param]: PR: request param #8 completely missing.
[sim] [mavros_node-14] [WARN] [1775457742.009843136] [mavros.param]: PR: 1412 params still missing, trying to request next: #9
[sim] [mavros_node-14] [WARN] [1775457743.010102628] [mavros.param]: PR: request param #9 timeout, retries left 2, and 1412 params still missing
[sim] [mavros_node-14] [WARN] [1775457744.010309326] [mavros.param]: PR: request param #9 timeout, retries left 1, and 1412 params still missing
[sim] [mavros_node-14] [WARN] [1775457745.010711548] [mavros.param]: PR: request param #9 timeout, retries left 0, and 1412 params still missing
[sim] [mavros_node-14] [ERROR] [1775457746.010902417] [mavros.param]: PR: request param #9 completely missing.
[sim] [mavros_node-14] [WARN] [1775457746.011044585] [mavros.param]: PR: 1411 params still missing, trying to request next: #10
[sim] [mavros_node-14] [INFO] [1775457746.883566913] [mavros.param]: PR: got an unsolicited param value idx=268, not resetting retries count 3
[sim] [mavros_node-14] [INFO] [1775457746.884604160] [mavros.param]: PR: got an unsolicited param value idx=268, not resetting retries count 3
[sim] [mavros_node-14] [INFO] [1775457746.885011048] [mavros.param]: PR: got an unsolicited param value idx=268, not resetting retries count 3
[sim] [mavros_node-14] [INFO] [1775457746.885365247] [mavros.param]: PR: got an unsolicited param value idx=268, not resetting retries count 3
[mavros_node-14] [INFO] [1775457746.886428935] [mavros.param]: PR: got an unsolicited param value idx=268, not resetting retries count 3
[sim] [mavros_node-14] [WARN] [1775457747.887112651] [mavros.param]: PR: request param #10 timeout, retries left 2, and 1410 params still missing
[sim] [mavros_node-14] [WARN] [1775457748.887409082] [mavros.param]: PR: request param #10 timeout, retries left 1, and 1410 params still missing
[sim] [mavros_node-14] [WARN] [1775457749.887876942] [mavros.param]: PR: request param #10 timeout, retries left 0, and 1410 params still missing
[sim] [mavros_node-14] [ERROR] [1775457750.888256901] [mavros.param]: PR: request param #10 completely missing.
[sim] [mavros_node-14] [WARN] [1775457750.888390873] [mavros.param]: PR: 1409 params still missing, trying to request next: #11
[sim] [mavros_node-14] [WARN] [1775457751.888765307] [mavros.param]: PR: request param #11 timeout, retries left 2, and 1409 params still missing
[sim] [mavros_node-14] [WARN] [1775457752.889828635] [mavros.param]: PR: request param #11 timeout, retries left 1, and 1409 params still missing
[sim] [mavros_node-14] [WARN] [1775457753.890380874] [mavros.param]: PR: request param #11 timeout, retries left 0, and 1409 params still missing
[sim] [mavros_node-14] [INFO] [1775457754.011835023] [mavros.param]: PR: got an unsolicited param value idx=271, not resetting retries count 0
[sim] [mavros_node-14] [INFO] [1775457754.012591191] [mavros.param]: PR: got an unsolicited param value idx=271, not resetting retries count 0
[sim] [mavros_node-14] [INFO] [1775457754.013101804] [mavros.param]: PR: got an unsolicited param value idx=271, not resetting retries count 0
[sim] [mavros_node-14] [INFO] [1775457754.013522568] [mavros.param]: PR: got an unsolicited param value idx=271, not resetting retries count 0
[sim] [mavros_node-14] [INFO] [1775457754.014338288] [mavros.param]: PR: got an unsolicited param value idx=271, not resetting retries count 0
[sim] [mavros_node-14] [ERROR] [1775457755.014560671] [mavros.param]: PR: request param #11 completely missing.
[sim] [mavros_node-14] [WARN] [1775457755.014681659] [mavros.param]: PR: 1407 params still missing, trying to request next: #12
[sim] [mavros_node-14] [WARN] [1775457756.014859403] [mavros.param]: PR: request param #12 timeout, retries left 2, and 1407 params still missing
[sim] [mavros_node-14] [WARN] [1775457757.015132100] [mavros.param]: PR: request param #12 timeout, retries left 1, and 1407 params still missing
[sim] [mavros_node-14] [WARN] [1775457758.017079994] [mavros.param]: PR: request param #12 timeout, retries left 0, and 1407 params still missing
[sim] [mavros_node-14] [INFO] [1775457758.858995617] [mavros.param]: PR: got an unsolicited param value idx=1, not resetting retries count 0
[sim] [mavros_node-14] [INFO] [1775457758.860055918] [mavros.param]: PR: got an unsolicited param value idx=1, not resetting retries count 0
[mavros_node-14] [INFO] [1775457758.860755879] [mavros.param]: PR: got an unsolicited param value idx=1, not resetting retries count 0
[sim] [mavros_node-14] [INFO] [1775457758.861481198] [mavros.param]: PR: got an unsolicited param value idx=1, not resetting retries count 0
[sim] [mavros_node-14] [INFO] [1775457758.862068697] [mavros.param]: PR: got an unsolicited param value idx=2, not resetting retries count 0
[sim] [mavros_node-14] [INFO] [1775457759.483700063] [mavros.sys]: FCU: Initialising ArduPilot
[sim] [mavros_node-14] [ERROR] [1775457759.862268880] [mavros.param]: PR: request param #12 completely missing.
[sim] [mavros_node-14] [WARN] [1775457759.862395959] [mavros.param]: PR: 1406 params still missing, trying to request next: #13
[sim] [mavros_node-14] [WARN] [1775457760.862566340] [mavros.param]: PR: request param #13 timeout, retries left 2, and 1406 params still missing
[sim] [mavros_node-14] [INFO] [1775457760.939230549] [mavros.param]: PR: got an unsolicited param value idx=3, not resetting retries count 2
[sim] [mavros_node-14] [INFO] [1775457760.940379978] [mavros.param]: PR: got an unsolicited param value idx=3, not resetting retries count 2
[sim] [mavros_node-14] [INFO] [1775457760.941066474] [mavros.param]: PR: got an unsolicited param value idx=3, not resetting retries count 2
[sim] [mavros_node-14] [INFO] [1775457760.941450539] [mavros.param]: PR: got an unsolicited param value idx=3, not resetting retries count 2
[sim] [mavros_node-14] [INFO] [1775457760.941811080] [mavros.param]: PR: got an unsolicited param value idx=3, not resetting retries count 2
[sim] [mavros_node-14] [INFO] [1775457761.135105106] [mavros.sys]: FCU: Barometer 1 calibration complete
[mavros_node-14] [INFO] [1775457761.135316746] [mavros.sys]: FCU: Barometer 2 calibration complete
[sim] [mavros_node-14] [INFO] [1775457761.136102649] [mavros.param]: PR: got an unsolicited param value idx=65535, not resetting retries count 2
[mavros_node-14] [INFO] [1775457761.136680991] [mavros.param]: PR: got an unsolicited param value idx=65535, not resetting retries count 2
[mavros_node-14] [INFO] [1775457761.137073792] [mavros.param]: PR: got an unsolicited param value idx=65535, not resetting retries count 2
[sim] [mavros_node-14] [INFO] [1775457761.137406851] [mavros.param]: PR: got an unsolicited param value idx=65535, not resetting retries count 2
[sim] [mavros_node-14] [INFO] [1775457761.176649675] [mavros.sys]: FCU: ArduPilot Ready
[sim] [mavros_node-14] [INFO] [1775457761.176820768] [mavros.sys]: FCU: AHRS: DCM active
[sim] [mavros_node-14] [INFO] [1775457761.982616809] [mavros.param]: PR: got an unsolicited param value idx=7, not resetting retries count 2
[sim] [mavros_node-14] [INFO] [1775457761.983389337] [mavros.param]: PR: got an unsolicited param value idx=7, not resetting retries count 2
[sim] [mavros_node-14] [INFO] [1775457761.983852061] [mavros.param]: PR: got an unsolicited param value idx=7, not resetting retries count 2
[sim] [mavros_node-14] [INFO] [1775457761.984167326] [mavros.param]: PR: got an unsolicited param value idx=7, not resetting retries count 2
[sim] [mavros_node-14] [INFO] [1775457761.984452484] [mavros.param]: PR: got an unsolicited param value idx=7, not resetting retries count 2
[sim] [mavros_node-14] [INFO] [1775457762.448400177] [mavros.rc]: RC_CHANNELS message detected!
[mavros_node-14] [INFO] [1775457762.448495156] [mavros.imu]: IMU: Raw IMU message used.
[sim] [mavros_node-14] [INFO] [1775457762.827870141] [mavros.param]: PR: got an unsolicited param value idx=10, not resetting retries count 2
[sim] [mavros_node-14] [INFO] [1775457762.828834000] [mavros.param]: PR: got an unsolicited param value idx=10, not resetting retries count 2
[sim] [mavros_node-14] [INFO] [1775457762.829248443] [mavros.param]: PR: got an unsolicited param value idx=10, not resetting retries count 2
[sim] [mavros_node-14] [INFO] [1775457762.829580680] [mavros.param]: PR: got an unsolicited param value idx=10, not resetting retries count 2
[sim] [mavros_node-14] [INFO] [1775457762.829937092] [mavros.param]: PR: got an unsolicited param value idx=10, not resetting retries count 2
[sim] [mavros_node-14] [INFO] [1775457763.217845708] [mavros]: CON: Got HEARTBEAT, connected. FCU: ArduPilot
[sim] [mavros_node-14] [INFO] [1775457763.218223401] [mavros.mission]: WP: detected enable_partial_push: 1
[sim] [mavros_node-14] [INFO] [1775457763.218890310] [mavros.param]: PR: got an unsolicited param value idx=11, not resetting retries count 2
[sim] [mavros_node-14] [INFO] [1775457763.219628173] [mavros.param]: PR: got an unsolicited param value idx=11, not resetting retries count 2
[sim] [mavros_node-14] [INFO] [1775457763.219924031] [mavros.param]: PR: got an unsolicited param value idx=11, not resetting retries count 2
[sim] [mavros_node-14] [INFO] [1775457763.220537369] [mavros.param]: PR: got an unsolicited param value idx=11, not resetting retries count 2
[sim] [mavros_node-14] [INFO] [1775457763.221122924] [mavros.param]: PR: got an unsolicited param value idx=11, not resetting retries count 2
[sim] [mavros_node-14] [INFO] [1775457763.319959980] [mavros.sys]: FCU: RC7: SaveWaypoint LOW
[sim] [mavros_node-14] [INFO] [1775457763.320538742] [mavros.sys]: FCU: RC8: PrecisionLoiter MIDDLE
[sim] [mavros_node-14] [INFO] [1775457763.581066085] [mavros.param]: PR: got an unsolicited param value idx=12, not resetting retries count 2
[sim] [mavros_node-14] [INFO] [1775457763.581674523] [mavros.param]: PR: got an unsolicited param value idx=12, not resetting retries count 2
[sim] [mavros_node-14] [INFO] [1775457763.582283643] [mavros.param]: PR: got an unsolicited param value idx=12, not resetting retries count 2
[sim] [mavros_node-14] [INFO] [1775457763.582704257] [mavros.param]: PR: got an unsolicited param value idx=12, not resetting retries count 2
[sim] [mavros_node-14] [INFO] [1775457763.583089655] [mavros.param]: PR: got an unsolicited param value idx=12, not resetting retries count 2
[sim] [mavros_node-14] [INFO] [1775457763.948615022] [mavros.param]: PR: got an unsolicited param value idx=13, not resetting retries count 3
[sim] [mavros_node-14] [INFO] [1775457763.948925368] [mavros.param]: PR: got an unsolicited param value idx=13, not resetting retries count 3
[mavros_node-14] [INFO] [1775457763.949203032] [mavros.param]: PR: got an unsolicited param value idx=13, not resetting retries count 3
[sim] [mavros_node-14] [INFO] [1775457763.949502047] [mavros.param]: PR: got an unsolicited param value idx=13, not resetting retries count 3
[sim] [mavros_node-14] [INFO] [1775457764.119855969] [mavros.rc]: RC_CHANNELS message detected!
[sim] [mavros_node-14] [INFO] [1775457764.120201972] [mavros.imu]: IMU: Raw IMU message used.
[sim] [mavros_node-14] [INFO] [1775457764.232773785] [mavros.sys]: VER: 1.1: Capabilities         0x000000000000fbef
[mavros_node-14] [INFO] [1775457764.232832736] [mavros.sys]: VER: 1.1: Flight software:     040507ff (b7207551)
[mavros_node-14] [INFO] [1775457764.232846983] [mavros.sys]: VER: 1.1: Middleware software: 00000000 (        )
[mavros_node-14] [INFO] [1775457764.232853405] [mavros.sys]: VER: 1.1: OS software:         00000000 (        )
[mavros_node-14] [INFO] [1775457764.232859407] [mavros.sys]: VER: 1.1: Board hardware:      00000000
[sim] [mavros_node-14] [INFO] [1775457764.232866149] [mavros.sys]: VER: 1.1: VID/PID:             0000:0000
[mavros_node-14] [INFO] [1775457764.232872742] [mavros.sys]: VER: 1.1: UID:                 0000000000000000
[sim] [mavros_node-14] [INFO] [1775457764.310010819] [mavros.param]: PR: got an unsolicited param value idx=13, not resetting retries count 3
[sim] [mavros_node-14] [INFO] [1775457764.310785612] [mavros.param]: PR: got an unsolicited param value idx=13, not resetting retries count 3
[sim] [mavros_node-14] [INFO] [1775457764.311544344] [mavros.param]: PR: got an unsolicited param value idx=13, not resetting retries count 3
[sim] [mavros_node-14] [INFO] [1775457764.312130050] [mavros.param]: PR: got an unsolicited param value idx=13, not resetting retries count 3
[sim] [mavros_node-14] [INFO] [1775457764.312572114] [mavros.param]: PR: got an unsolicited param value idx=13, not resetting retries count 3
[sim] [mavros_node-14] [INFO] [1775457764.677157042] [mavros.param]: PR: got an unsolicited param value idx=13, not resetting retries count 3
[sim] [mavros_node-14] [INFO] [1775457764.677708743] [mavros.param]: PR: got an unsolicited param value idx=13, not resetting retries count 3
[sim] [mavros_node-14] [INFO] [1775457764.678021784] [mavros.param]: PR: got an unsolicited param value idx=13, not resetting retries count 3
[sim] [mavros_node-14] [INFO] [1775457764.678508152] [mavros.param]: PR: got an unsolicited param value idx=13, not resetting retries count 3
[sim] [mavros_node-14] [INFO] [1775457764.678817947] [mavros.param]: PR: got an unsolicited param value idx=13, not resetting retries count 3
[sim] [mavros_node-14] [INFO] [1775457765.008634776] [mavros.param]: PR: got an unsolicited param value idx=13, not resetting retries count 3
[sim] [mavros_node-14] [INFO] [1775457765.009184554] [mavros.param]: PR: got an unsolicited param value idx=13, not resetting retries count 3
[sim] [mavros_node-14] [INFO] [1775457765.009626267] [mavros.param]: PR: got an unsolicited param value idx=13, not resetting retries count 3
[mavros_node-14] [INFO] [1775457765.010017275] [mavros.param]: PR: got an unsolicited param value idx=13, not resetting retries count 3
[sim] [mavros_node-14] [INFO] [1775457765.010298316] [mavros.param]: PR: got an unsolicited param value idx=13, not resetting retries count 3
[sim] [mavros_node-14] [INFO] [1775457765.330773326] [mavros.param]: PR: got an unsolicited param value idx=13, not resetting retries count 3
[sim] [mavros_node-14] [INFO] [1775457765.331206874] [mavros.param]: PR: got an unsolicited param value idx=13, not resetting retries count 3
[sim] [mavros_node-14] [INFO] [1775457765.331540935] [mavros.param]: PR: got an unsolicited param value idx=13, not resetting retries count 3
[mavros_node-14] [INFO] [1775457765.331847223] [mavros.param]: PR: got an unsolicited param value idx=13, not resetting retries count 3
[sim] [mavros_node-14] [INFO] [1775457765.656110894] [mavros.param]: PR: got an unsolicited param value idx=14, not resetting retries count 3
[sim] [mavros_node-14] [INFO] [1775457765.656878443] [mavros.param]: PR: got an unsolicited param value idx=14, not resetting retries count 3
[sim] [mavros_node-14] [INFO] [1775457765.657284489] [mavros.param]: PR: got an unsolicited param value idx=14, not resetting retries count 3
[sim] [mavros_node-14] [INFO] [1775457765.657756150] [mavros.param]: PR: got an unsolicited param value idx=14, not resetting retries count 3
[sim] [mavros_node-14] [INFO] [1775457765.658067367] [mavros.param]: PR: got an unsolicited param value idx=14, not resetting retries count 3
[sim] [mavros_node-14] [INFO] [1775457765.981574140] [mavros.param]: PR: got an unsolicited param value idx=14, not resetting retries count 3
[sim] [mavros_node-14] [INFO] [1775457765.982239205] [mavros.param]: PR: got an unsolicited param value idx=14, not resetting retries count 3
[sim] [mavros_node-14] [INFO] [1775457765.982608562] [mavros.param]: PR: got an unsolicited param value idx=14, not resetting retries count 3
[mavros_node-14] [INFO] [1775457765.982943595] [mavros.param]: PR: got an unsolicited param value idx=14, not resetting retries count 3
[sim] [mavros_node-14] [INFO] [1775457765.983207152] [mavros.param]: PR: got an unsolicited param value idx=14, not resetting retries count 3
[sim] [mavros_node-14] [INFO] [1775457766.318722687] [mavros.param]: PR: got an unsolicited param value idx=14, not resetting retries count 3
[sim] [mavros_node-14] [INFO] [1775457766.319475889] [mavros.param]: PR: got an unsolicited param value idx=14, not resetting retries count 3
[sim] [mavros_node-14] [INFO] [1775457766.320168527] [mavros.param]: PR: got an unsolicited param value idx=14, not resetting retries count 3
[sim] [mavros_node-14] [INFO] [1775457766.320559565] [mavros.param]: PR: got an unsolicited param value idx=14, not resetting retries count 3
[mavros_node-14] [INFO] [1775457766.320958017] [mavros.param]: PR: got an unsolicited param value idx=14, not resetting retries count 3
[sim] [mavros_node-14] [INFO] [1775457766.664168598] [mavros.param]: PR: got an unsolicited param value idx=14, not resetting retries count 3
[sim] [mavros_node-14] [INFO] [1775457766.664902714] [mavros.param]: PR: got an unsolicited param value idx=14, not resetting retries count 3
[sim] [mavros_node-14] [INFO] [1775457766.665446400] [mavros.param]: PR: got an unsolicited param value idx=14, not resetting retries count 3
[sim] [mavros_node-14] [INFO] [1775457766.665927188] [mavros.param]: PR: got an unsolicited param value idx=14, not resetting retries count 3
[sim] [mavros_node-14] [INFO] [1775457766.666289752] [mavros.param]: PR: got an unsolicited param value idx=14, not resetting retries count 3
[sim] [mavros_node-14] [INFO] [1775457767.034206019] [mavros.param]: PR: got an unsolicited param value idx=14, not resetting retries count 3
[sim] [mavros_node-14] [INFO] [1775457767.034914997] [mavros.param]: PR: got an unsolicited param value idx=14, not resetting retries count 3
[sim] [mavros_node-14] [INFO] [1775457767.035338236] [mavros.param]: PR: got an unsolicited param value idx=14, not resetting retries count 3
[sim] [mavros_node-14] [INFO] [1775457767.036133708] [mavros.param]: PR: got an unsolicited param value idx=15, not resetting retries count 3
[sim] [mavros_node-14] [INFO] [1775457767.406813296] [mavros.param]: PR: got an unsolicited param value idx=15, not resetting retries count 3
[sim] [mavros_node-14] [INFO] [1775457767.407327507] [mavros.param]: PR: got an unsolicited param value idx=15, not resetting retries count 3
[mavros_node-14] [INFO] [1775457767.407988194] [mavros.param]: PR: got an unsolicited param value idx=15, not resetting retries count 3
[mavros_node-14] [INFO] [1775457767.408365166] [mavros.param]: PR: got an unsolicited param value idx=15, not resetting retries count 3
[mavros_node-14] [INFO] [1775457767.408729443] [mavros.param]: PR: got an unsolicited param value idx=15, not resetting retries count 3
[sim] [mavros_node-14] [INFO] [1775457767.792765103] [mavros.param]: PR: got an unsolicited param value idx=15, not resetting retries count 3
[sim] [mavros_node-14] [INFO] [1775457767.793736758] [mavros.param]: PR: got an unsolicited param value idx=15, not resetting retries count 3
[sim] [mavros_node-14] [INFO] [1775457767.794434715] [mavros.param]: PR: got an unsolicited param value idx=15, not resetting retries count 3
[sim] [mavros_node-14] [INFO] [1775457767.794944097] [mavros.param]: PR: got an unsolicited param value idx=15, not resetting retries count 3
[sim] [mavros_node-14] [INFO] [1775457767.795365743] [mavros.param]: PR: got an unsolicited param value idx=15, not resetting retries count 3
[sim] [mavros_node-14] [INFO] [1775457768.195238410] [mavros.param]: PR: got an unsolicited param value idx=15, not resetting retries count 3
[sim] [mavros_node-14] [INFO] [1775457768.196079348] [mavros.param]: PR: got an unsolicited param value idx=15, not resetting retries count 3
[sim] [mavros_node-14] [INFO] [1775457768.196818693] [mavros.param]: PR: got an unsolicited param value idx=15, not resetting retries count 3
[mavros_node-14] [INFO] [1775457768.197416271] [mavros.param]: PR: got an unsolicited param value idx=15, not resetting retries count 3
[sim] [mavros_node-14] [INFO] [1775457768.197910444] [mavros.param]: PR: got an unsolicited param value idx=15, not resetting retries count 3
[sim] [mavros_node-14] [INFO] [1775457768.599210249] [mavros.param]: PR: got an unsolicited param value idx=15, not resetting retries count 3
[sim] [mavros_node-14] [INFO] [1775457768.600564255] [mavros.param]: PR: got an unsolicited param value idx=15, not resetting retries count 3
[sim] [mavros_node-14] [INFO] [1775457768.601518476] [mavros.param]: PR: got an unsolicited param value idx=15, not resetting retries count 3
[sim] [mavros_node-14] [INFO] [1775457768.602198330] [mavros.param]: PR: got an unsolicited param value idx=15, not resetting retries count 3
[sim] [mavros_node-14] [INFO] [1775457768.602643390] [mavros.param]: PR: got an unsolicited param value idx=15, not resetting retries count 3
[sim] [mavros_node-14] [INFO] [1775457769.004370832] [mavros.param]: PR: got an unsolicited param value idx=15, not resetting retries count 3
[sim] [mavros_node-14] [INFO] [1775457769.005419141] [mavros.param]: PR: got an unsolicited param value idx=15, not resetting retries count 3
[sim] [mavros_node-14] [INFO] [1775457769.006161542] [mavros.param]: PR: got an unsolicited param value idx=16, not resetting retries count 3
[sim] [mavros_node-14] [INFO] [1775457769.006937256] [mavros.param]: PR: got an unsolicited param value idx=16, not resetting retries count 3
[sim] [mavros_node-14] [INFO] [1775457769.417772597] [mavros.param]: PR: got an unsolicited param value idx=16, not resetting retries count 3
[sim] [mavros_node-14] [INFO] [1775457769.418972041] [mavros.param]: PR: got an unsolicited param value idx=16, not resetting retries count 3
[sim] [mavros_node-14] [INFO] [1775457769.419481052] [mavros.param]: PR: got an unsolicited param value idx=16, not resetting retries count 3
[sim] [mavros_node-14] [INFO] [1775457769.419830381] [mavros.param]: PR: got an unsolicited param value idx=16, not resetting retries count 3
[sim] [mavros_node-14] [INFO] [1775457769.420257708] [mavros.param]: PR: got an unsolicited param value idx=16, not resetting retries count 3
[sim] [mavros_node-14] [INFO] [1775457769.565889767] [mavros.sys]: FCU: EKF3 IMU0 initialised
[sim] [mavros_node-14] [INFO] [1775457769.566066751] [mavros.sys]: FCU: EKF3 IMU1 initialised
[sim] [mavros_node-14] [INFO] [1775457769.574454214] [mavros.sys]: FCU: AHRS: EKF3 active
[sim] [mavros_node-14] [INFO] [1775457769.841131829] [mavros.param]: PR: got an unsolicited param value idx=16, not resetting retries count 3
[sim] [mavros_node-14] [INFO] [1775457769.841678801] [mavros.param]: PR: got an unsolicited param value idx=16, not resetting retries count 3
[sim] [mavros_node-14] [INFO] [1775457769.842044612] [mavros.param]: PR: got an unsolicited param value idx=16, not resetting retries count 3
[sim] [mavros_node-14] [INFO] [1775457769.842533024] [mavros.param]: PR: got an unsolicited param value idx=16, not resetting retries count 3
[sim] [mavros_node-14] [INFO] [1775457769.842807773] [mavros.param]: PR: got an unsolicited param value idx=16, not resetting retries count 3
[sim] [mavros_node-14] [INFO] [1775457770.267911091] [mavros.param]: PR: got an unsolicited param value idx=16, not resetting retries count 3
[sim] [mavros_node-14] [INFO] [1775457770.268434459] [mavros.param]: PR: got an unsolicited param value idx=16, not resetting retries count 3
[sim] [mavros_node-14] [INFO] [1775457770.268935224] [mavros.param]: PR: got an unsolicited param value idx=16, not resetting retries count 3
[sim] [mavros_node-14] [INFO] [1775457770.269407044] [mavros.param]: PR: got an unsolicited param value idx=16, not resetting retries count 3
[sim] [mavros_node-14] [INFO] [1775457770.269794085] [mavros.param]: PR: got an unsolicited param value idx=16, not resetting retries count 3
[sim] [mavros_node-14] [INFO] [1775457770.686684863] [mavros.param]: PR: got an unsolicited param value idx=16, not resetting retries count 3
[sim] [mavros_node-14] [INFO] [1775457770.687354266] [mavros.param]: PR: got an unsolicited param value idx=16, not resetting retries count 3
[sim] [mavros_node-14] [INFO] [1775457770.688045261] [mavros.param]: PR: got an unsolicited param value idx=16, not resetting retries count 3
[sim] [mavros_node-14] [INFO] [1775457770.688485902] [mavros.param]: PR: got an unsolicited param value idx=16, not resetting retries count 3
[sim] [mavros_node-14] [INFO] [1775457770.688849659] [mavros.param]: PR: got an unsolicited param value idx=16, not resetting retries count 3
[sim] [mavros_node-14] [INFO] [1775457771.094934640] [mavros.param]: PR: got an unsolicited param value idx=16, not resetting retries count 3
[sim] [mavros_node-14] [INFO] [1775457771.095797158] [mavros.param]: PR: got an unsolicited param value idx=17, not resetting retries count 3
[sim] [mavros_node-14] [INFO] [1775457771.096242979] [mavros.param]: PR: got an unsolicited param value idx=17, not resetting retries count 3
[sim] [mavros_node-14] [INFO] [1775457771.096677590] [mavros.param]: PR: got an unsolicited param value idx=17, not resetting retries count 3
[sim] [mavros_node-14] [INFO] [1775457771.518113263] [mavros.param]: PR: got an unsolicited param value idx=17, not resetting retries count 3
[sim] [mavros_node-14] [INFO] [1775457771.518705020] [mavros.param]: PR: got an unsolicited param value idx=17, not resetting retries count 3
[sim] [mavros_node-14] [INFO] [1775457771.519148928] [mavros.param]: PR: got an unsolicited param value idx=17, not resetting retries count 3
[mavros_node-14] [INFO] [1775457771.519637039] [mavros.param]: PR: got an unsolicited param value idx=17, not resetting retries count 3
[sim] [mavros_node-14] [INFO] [1775457771.519970669] [mavros.param]: PR: got an unsolicited param value idx=17, not resetting retries count 3
[sim] [mavros_node-14] [INFO] [1775457771.937457989] [mavros.param]: PR: got an unsolicited param value idx=17, not resetting retries count 3
[sim] [mavros_node-14] [INFO] [1775457771.937930070] [mavros.param]: PR: got an unsolicited param value idx=17, not resetting retries count 3
[sim] [mavros_node-14] [INFO] [1775457771.938356415] [mavros.param]: PR: got an unsolicited param value idx=17, not resetting retries count 3
[sim] [mavros_node-14] [INFO] [1775457771.938660970] [mavros.param]: PR: got an unsolicited param value idx=17, not resetting retries count 3
[sim] [mavros_node-14] [INFO] [1775457771.938992255] [mavros.param]: PR: got an unsolicited param value idx=17, not resetting retries count 3
[sim] [mavros_node-14] [INFO] [1775457772.350035164] [mavros.param]: PR: got an unsolicited param value idx=17, not resetting retries count 3
[sim] [mavros_node-14] [INFO] [1775457772.350508017] [mavros.param]: PR: got an unsolicited param value idx=17, not resetting retries count 3
[sim] [mavros_node-14] [INFO] [1775457772.350942667] [mavros.param]: PR: got an unsolicited param value idx=17, not resetting retries count 3
[sim] [mavros_node-14] [INFO] [1775457772.351353593] [mavros.param]: PR: got an unsolicited param value idx=17, not resetting retries count 3
[sim] [mavros_node-14] [INFO] [1775457772.351681602] [mavros.param]: PR: got an unsolicited param value idx=17, not resetting retries count 3
[sim] [mavros_node-14] [INFO] [1775457772.767315199] [mavros.param]: PR: got an unsolicited param value idx=17, not resetting retries count 3
[sim] [mavros_node-14] [INFO] [1775457772.767850229] [mavros.param]: PR: got an unsolicited param value idx=17, not resetting retries count 3
[mavros_node-14] [INFO] [1775457772.768522217] [mavros.param]: PR: got an unsolicited param value idx=17, not resetting retries count 3
[sim] [mavros_node-14] [INFO] [1775457772.768995711] [mavros.param]: PR: got an unsolicited param value idx=17, not resetting retries count 3
[sim] [mavros_node-14] [INFO] [1775457772.769568753] [mavros.param]: PR: got an unsolicited param value idx=17, not resetting retries count 3
[sim] [mavros_node-14] [INFO] [1775457773.176954612] [mavros.param]: PR: got an unsolicited param value idx=18, not resetting retries count 3
[sim] [mavros_node-14] [INFO] [1775457773.177734254] [mavros.param]: PR: got an unsolicited param value idx=18, not resetting retries count 3
[sim] [mavros_node-14] [INFO] [1775457773.178115574] [mavros.param]: PR: got an unsolicited param value idx=18, not resetting retries count 3
[mavros_node-14] [INFO] [1775457773.178679568] [mavros.param]: PR: got an unsolicited param value idx=18, not resetting retries count 3
[sim] [mavros_node-14] [INFO] [1775457773.234724257] [mavros.sys]: FCU: ArduCopter V4.5.7 (b7207551)
[sim] [mavros_node-14] [INFO] [1775457773.234992593] [mavros.sys]: FCU: b623b2c8b384455c808f2b675edab5d3
[sim] [mavros_node-14] [INFO] [1775457773.235168445] [mavros.sys]: FCU: Frame: QUAD/X
[sim] [mavros_node-14] [INFO] [1775457775.193042411] [mavros.sys]: FCU: EKF3 IMU1 tilt alignment complete
[sim] [mavros_node-14] [INFO] [1775457775.204704977] [mavros.sys]: FCU: EKF3 IMU0 tilt alignment complete
[sim] [mavros_node-14] [INFO] [1775457778.231149065] [mavros.mission]: WP: mission received
[sim] [mavros_node-14] [INFO] [1775457778.325677187] [mavros.param]: PR: parameters list received
[sim] [mavros_node-14] [INFO] [1775457783.224498441] [mavros.rallypoint]: RP: mission received
[sim] [mavros_node-14] [INFO] [1775457783.272707104] [mavros.sys]: FCU: ArduCopter V4.5.7 (b7207551)
[sim] [mavros_node-14] [INFO] [1775457783.273116206] [mavros.sys]: FCU: b623b2c8b384455c808f2b675edab5d3
[sim] [mavros_node-14] [INFO] [1775457783.273234129] [mavros.sys]: FCU: Frame: QUAD/X
[sim] [mavros_node-14] [INFO] [1775457786.360194852] [mavros.param]: PR: parameters list received
[sim] [mavros_node-14] [INFO] [1775457788.236051285] [mavros.geofence]: GF: mission received
[sim] [mavros_node-14] [INFO] [1775457792.023713308] [mavros.sys]: FCU: GPS 1: detected as u-blox at 230400 baud
[sim] [mavros_node-14] [INFO] [1775457835.202889306] [mavros.sys]: FCU: EKF3 IMU0 origin set
[sim] [mavros_node-14] [INFO] [1775457835.224008591] [mavros.sys]: FCU: EKF3 IMU1 origin set
[sim] [mavros_node-14] [INFO] [1775457835.440572831] [mavros.sys]: FCU: Field Elevation Set: 584m
[sim] [web_video_server-17] [INFO] [1775458198.308288418] [web_video_server]: Handling Request: /stream?topic=/depth_camera/color/image_raw&width=1280&height=720
[sim] [web_video_server-17] [INFO] [1775458198.310052215] [web_video_server.mjpeg_streamer]: Streaming topic /depth_camera/color/image_raw with QoS profile default
Starting process: walk -> ros2 launch vx01_locomotion_control walk.launch.py use_sim_time:=true
[walk] [INFO] [launch]: All log files can be found below /root/.ros/log/2026-04-06-12-20-00-626954-Gouri-Shankar-6007
[INFO] [launch]: Default logging verbosity is set to INFO
[walk] [INFO] [tripod_walk_node-1]: process started with pid [6034]
[walk] [tripod_walk_node-1] [INFO] [1775458200.721677683] [tripod_walk_node]: Waiting for leg action servers...
[walk] [tripod_walk_node-1] [INFO] [1775458200.722434064] [tripod_walk_node]: All action servers connected.
[walk] [tripod_walk_node-1] [INFO] [1775458200.724905830] [tripod_walk_node]: TripodWalkNode ready — moving to stand pose in 2s.
[walk] [tripod_walk_node-1] [HexapodLocomotion] Workspace check PASSED
[walk] [tripod_walk_node-1] [INFO] [1775458209.397410178] [tripod_walk_node]: Sending stand-up trajectory (2.0s).
[sim] [ign gazebo-2] [INFO] [1775458209.397873995] [leg_0_controller]: Received new action goal
[ign gazebo-2] [INFO] [1775458209.398049357] [leg_0_controller]: Accepted new action goal
[sim] [ign gazebo-2] [INFO] [1775458209.398187558] [leg_2_controller]: Received new action goal
[ign gazebo-2] [INFO] [1775458209.398218136] [leg_1_controller]: Received new action goal
[ign gazebo-2] [INFO] [1775458209.398240328] [leg_2_controller]: Accepted new action goal
[ign gazebo-2] [INFO] [1775458209.398276637] [leg_1_controller]: Accepted new action goal
[ign gazebo-2] [INFO] [1775458209.398537540] [leg_5_controller]: Received new action goal
[sim] [ign gazebo-2] [INFO] [1775458209.398565383] [leg_4_controller]: Received new action goal
[ign gazebo-2] [INFO] [1775458209.398577436] [leg_5_controller]: Accepted new action goal
[sim] [ign gazebo-2] [INFO] [1775458209.398593777] [leg_3_controller]: Received new action goal
[ign gazebo-2] [INFO] [1775458209.398621299] [leg_4_controller]: Accepted new action goal
[sim] [ign gazebo-2] [INFO] [1775458209.398689869] [leg_3_controller]: Accepted new action goal
[sim] [web_video_server-17] [INFO] [1775458212.832561643] [web_video_server]: Handling Request: /stream?topic=/depth_camera/color/image_raw&width=1280&height=720
[sim] [web_video_server-17] [INFO] [1775458212.834012649] [web_video_server.mjpeg_streamer]: Streaming topic /depth_camera/color/image_raw with QoS profile default
[sim] [ign gazebo-2] [INFO] [1775458219.124004032] [leg_0_controller]: Goal reached, success!
[sim] [ign gazebo-2] [INFO] [1775458219.124124780] [leg_1_controller]: Goal reached, success!
[sim] [ign gazebo-2] [INFO] [1775458219.124149136] [leg_2_controller]: Goal reached, success!
[sim] [ign gazebo-2] [INFO] [1775458219.124192488] [leg_3_controller]: Goal reached, success!
[ign gazebo-2] [INFO] [1775458219.124208799] [leg_4_controller]: Goal reached, success!
[sim] [ign gazebo-2] [INFO] [1775458219.124224088] [leg_5_controller]: Goal reached, success!
[walk] [tripod_walk_node-1] [INFO] [1775458219.149646488] [tripod_walk_node]: Stand pose reached. Ready to walk.
[walk] [tripod_walk_node-1] [INFO] [1775458255.035885313] [tripod_walk_node]: Walking: vx=0.200 vy=0.000 omega=0.000
[walk] [tripod_walk_node-1] [INFO] [1775458255.035968892] [tripod_walk_node]: Half-cycle 1: A(0,2,4) swings
[sim] [ign gazebo-2] [INFO] [1775458255.036862793] [leg_0_controller]: Received new action goal
[sim] [ign gazebo-2] [INFO] [1775458255.036935481] [leg_0_controller]: Accepted new action goal
[sim] [ign gazebo-2] [INFO] [1775458255.039620952] [leg_2_controller]: Received new action goal
[sim] [ign gazebo-2] [INFO] [1775458255.039680946] [leg_2_controller]: Accepted new action goal
[sim] [ign gazebo-2] [INFO] [1775458255.040023965] [leg_4_controller]: Received new action goal
[sim] [ign gazebo-2] [INFO] [1775458255.040061756] [leg_4_controller]: Accepted new action goal
[sim] [ign gazebo-2] [INFO] [1775458255.040084630] [leg_1_controller]: Received new action goal
[sim] [ign gazebo-2] [INFO] [1775458255.040125246] [leg_1_controller]: Accepted new action goal
[sim] [ign gazebo-2] [INFO] [1775458255.040235214] [leg_3_controller]: Received new action goal
[sim] [ign gazebo-2] [INFO] [1775458255.040266794] [leg_3_controller]: Accepted new action goal
[sim] [ign gazebo-2] [INFO] [1775458255.040582922] [leg_5_controller]: Received new action goal
[ign gazebo-2] [INFO] [1775458255.040974774] [leg_5_controller]: Accepted new action goal
[sim] [ign gazebo-2] [INFO] [1775458256.984285621] [leg_0_controller]: Goal reached, success!
[sim] [ign gazebo-2] [INFO] [1775458256.985971220] [leg_1_controller]: Goal reached, success!
[sim] [ign gazebo-2] [INFO] [1775458256.994087488] [leg_2_controller]: Goal reached, success!
[ign gazebo-2] [INFO] [1775458256.994184532] [leg_3_controller]: Goal reached, success!
[sim] [ign gazebo-2] [INFO] [1775458257.017850783] [leg_4_controller]: Goal reached, success!
[sim] [ign gazebo-2] [INFO] [1775458257.020053441] [leg_5_controller]: Goal reached, success!
[walk] [tripod_walk_node-1] [INFO] [1775458257.041364927] [tripod_walk_node]: Half-cycle 2: B(1,3,5) swings
[sim] [ign gazebo-2] [INFO] [1775458257.041980833] [leg_0_controller]: Received new action goal
[sim] [ign gazebo-2] [INFO] [1775458257.042062908] [leg_0_controller]: Accepted new action goal
[sim] [ign gazebo-2] [INFO] [1775458257.042297262] [leg_1_controller]: Received new action goal
[sim] [ign gazebo-2] [INFO] [1775458257.042354640] [leg_1_controller]: Accepted new action goal
[sim] [ign gazebo-2] [INFO] [1775458257.043753207] [leg_2_controller]: Received new action goal
[sim] [ign gazebo-2] [INFO] [1775458257.043792261] [leg_2_controller]: Accepted new action goal
[sim] [ign gazebo-2] [INFO] [1775458257.044053284] [leg_5_controller]: Received new action goal
[ign gazebo-2] [INFO] [1775458257.044095013] [leg_5_controller]: Accepted new action goal
[sim] [ign gazebo-2] [INFO] [1775458257.044110643] [leg_4_controller]: Received new action goal
[sim] [ign gazebo-2] [INFO] [1775458257.044137334] [leg_4_controller]: Accepted new action goal
[sim] [ign gazebo-2] [INFO] [1775458257.044164846] [leg_3_controller]: Received new action goal
[sim] [ign gazebo-2] [INFO] [1775458257.044217275] [leg_3_controller]: Accepted new action goal
[sim] [ign gazebo-2] [INFO] [1775458258.684133851] [leg_0_controller]: Goal reached, success!
[ign gazebo-2] [INFO] [1775458258.684217149] [leg_1_controller]: Goal reached, success!
[ign gazebo-2] [INFO] [1775458258.684242948] [leg_2_controller]: Goal reached, success!
[sim] [ign gazebo-2] [INFO] [1775458258.684260110] [leg_3_controller]: Goal reached, success!
[ign gazebo-2] [INFO] [1775458258.684275048] [leg_4_controller]: Goal reached, success!
[sim] [ign gazebo-2] [INFO] [1775458258.684289315] [leg_5_controller]: Goal reached, success!
[walk] [tripod_walk_node-1] [INFO] [1775458258.694643898] [tripod_walk_node]: Half-cycle 3: A(0,2,4) swings
[sim] [ign gazebo-2] [INFO] [1775458258.695088810] [leg_0_controller]: Received new action goal
[ign gazebo-2] [INFO] [1775458258.695136180] [leg_0_controller]: Accepted new action goal
[sim] [ign gazebo-2] [INFO] [1775458258.695444704] [leg_1_controller]: Received new action goal
[ign gazebo-2] [INFO] [1775458258.695500840] [leg_1_controller]: Accepted new action goal
[sim] [ign gazebo-2] [INFO] [1775458258.695790809] [leg_2_controller]: Received new action goal
[ign gazebo-2] [INFO] [1775458258.695835243] [leg_2_controller]: Accepted new action goal
[ign gazebo-2] [INFO] [1775458258.696013921] [leg_3_controller]: Received new action goal
[ign gazebo-2] [INFO] [1775458258.696059126] [leg_3_controller]: Accepted new action goal
[ign gazebo-2] [INFO] [1775458258.696245128] [leg_4_controller]: Received new action goal
[ign gazebo-2] [INFO] [1775458258.696280936] [leg_4_controller]: Accepted new action goal
[ign gazebo-2] [INFO] [1775458258.696476686] [leg_5_controller]: Received new action goal
[ign gazebo-2] [INFO] [1775458258.696514398] [leg_5_controller]: Accepted new action goal
[sim] [ign gazebo-2] [INFO] [1775458260.264961431] [leg_0_controller]: Goal reached, success!
[sim] [ign gazebo-2] [INFO] [1775458260.265031604] [leg_1_controller]: Goal reached, success!
[ign gazebo-2] [INFO] [1775458260.265058705] [leg_2_controller]: Goal reached, success!
[sim] [ign gazebo-2] [INFO] [1775458260.265079715] [leg_3_controller]: Goal reached, success!
[ign gazebo-2] [INFO] [1775458260.265106746] [leg_4_controller]: Goal reached, success!
[sim] [ign gazebo-2] [INFO] [1775458260.265131172] [leg_5_controller]: Goal reached, success!
[walk] [tripod_walk_node-1] [INFO] [1775458260.296896239] [tripod_walk_node]: Half-cycle 4: B(1,3,5) swings
[sim] [ign gazebo-2] [INFO] [1775458260.297493870] [leg_0_controller]: Received new action goal
[sim] [ign gazebo-2] [INFO] [1775458260.297547862] [leg_0_controller]: Accepted new action goal
[sim] [ign gazebo-2] [INFO] [1775458260.297771175] [leg_1_controller]: Received new action goal
[sim] [ign gazebo-2] [INFO] [1775458260.297811461] [leg_1_controller]: Accepted new action goal
[sim] [ign gazebo-2] [INFO] [1775458260.298139021] [leg_2_controller]: Received new action goal
[ign gazebo-2] [INFO] [1775458260.298177885] [leg_2_controller]: Accepted new action goal
[ign gazebo-2] [INFO] [1775458260.298531564] [leg_3_controller]: Received new action goal
[sim] [ign gazebo-2] [INFO] [1775458260.298572431] [leg_3_controller]: Accepted new action goal
[ign gazebo-2] [INFO] [1775458260.298714650] [leg_4_controller]: Received new action goal
[sim] [ign gazebo-2] [INFO] [1775458260.298747813] [leg_4_controller]: Accepted new action goal
[sim] [ign gazebo-2] [INFO] [1775458260.299134084] [leg_5_controller]: Received new action goal
[ign gazebo-2] [INFO] [1775458260.299182295] [leg_5_controller]: Accepted new action goal
[sim] [ign gazebo-2] [INFO] [1775458261.863208787] [leg_0_controller]: Goal reached, success!
[ign gazebo-2] [INFO] [1775458261.863296553] [leg_1_controller]: Goal reached, success!
[sim] [ign gazebo-2] [INFO] [1775458261.863357910] [leg_2_controller]: Goal reached, success!
[ign gazebo-2] [INFO] [1775458261.863377396] [leg_3_controller]: Goal reached, success!
[ign gazebo-2] [INFO] [1775458261.863395360] [leg_4_controller]: Goal reached, success!
[sim] [ign gazebo-2] [INFO] [1775458261.863412563] [leg_5_controller]: Goal reached, success!
[walk] [tripod_walk_node-1] [INFO] [1775458261.899516871] [tripod_walk_node]: Half-cycle 5: A(0,2,4) swings
[sim] [ign gazebo-2] [INFO] [1775458261.900022298] [leg_0_controller]: Received new action goal
[sim] [ign gazebo-2] [INFO] [1775458261.900075468] [leg_0_controller]: Accepted new action goal
[sim] [ign gazebo-2] [INFO] [1775458261.900437363] [leg_1_controller]: Received new action goal
[ign gazebo-2] [INFO] [1775458261.900478080] [leg_1_controller]: Accepted new action goal
[sim] [ign gazebo-2] [INFO] [1775458261.900747861] [leg_2_controller]: Received new action goal
[ign gazebo-2] [INFO] [1775458261.900787115] [leg_2_controller]: Accepted new action goal
[sim] [ign gazebo-2] [INFO] [1775458261.901295747] [leg_3_controller]: Received new action goal
[ign gazebo-2] [INFO] [1775458261.901346353] [leg_3_controller]: Accepted new action goal
[sim] [ign gazebo-2] [INFO] [1775458261.901528087] [leg_4_controller]: Received new action goal
[ign gazebo-2] [INFO] [1775458261.901554767] [leg_4_controller]: Accepted new action goal
[sim] [ign gazebo-2] [INFO] [1775458261.901783320] [leg_5_controller]: Received new action goal
[ign gazebo-2] [INFO] [1775458261.901810491] [leg_5_controller]: Accepted new action goal
[sim] [ign gazebo-2] [INFO] [1775458263.380378097] [leg_0_controller]: Goal reached, success!
[ign gazebo-2] [INFO] [1775458263.380470743] [leg_1_controller]: Goal reached, success!
[ign gazebo-2] [INFO] [1775458263.380506641] [leg_2_controller]: Goal reached, success!
[ign gazebo-2] [INFO] [1775458263.380549091] [leg_3_controller]: Goal reached, success!
[sim] [ign gazebo-2] [INFO] [1775458263.380582624] [leg_4_controller]: Goal reached, success!
[ign gazebo-2] [INFO] [1775458263.380613543] [leg_5_controller]: Goal reached, success!
[walk] [tripod_walk_node-1] [INFO] [1775458263.402255014] [tripod_walk_node]: Half-cycle 6: B(1,3,5) swings
[sim] [ign gazebo-2] [INFO] [1775458263.403219379] [leg_0_controller]: Received new action goal
[ign gazebo-2] [INFO] [1775458263.403316082] [leg_0_controller]: Accepted new action goal
[sim] [ign gazebo-2] [INFO] [1775458263.403831968] [leg_1_controller]: Received new action goal
[ign gazebo-2] [INFO] [1775458263.403885710] [leg_1_controller]: Accepted new action goal
[sim] [ign gazebo-2] [INFO] [1775458263.404712194] [leg_2_controller]: Received new action goal
[sim] [ign gazebo-2] [INFO] [1775458263.404758091] [leg_2_controller]: Accepted new action goal
[sim] [ign gazebo-2] [INFO] [1775458263.405725852] [leg_5_controller]: Received new action goal
[sim] [ign gazebo-2] [INFO] [1775458263.405770086] [leg_5_controller]: Accepted new action goal
[sim] [ign gazebo-2] [INFO] [1775458263.405798940] [leg_4_controller]: Received new action goal
[sim] [ign gazebo-2] [INFO] [1775458263.405833626] [leg_4_controller]: Accepted new action goal
[sim] [ign gazebo-2] [INFO] [1775458263.405878471] [leg_3_controller]: Received new action goal
[ign gazebo-2] [INFO] [1775458263.405915831] [leg_3_controller]: Accepted new action goal
[sim] [ign gazebo-2] [INFO] [1775458264.875132094] [leg_0_controller]: Goal reached, success!
[ign gazebo-2] [INFO] [1775458264.875229508] [leg_1_controller]: Goal reached, success!
[ign gazebo-2] [INFO] [1775458264.875255447] [leg_2_controller]: Goal reached, success!
[sim] [ign gazebo-2] [INFO] [1775458264.875272440] [leg_3_controller]: Goal reached, success!
[ign gazebo-2] [INFO] [1775458264.875288290] [leg_4_controller]: Goal reached, success!
[sim] [ign gazebo-2] [INFO] [1775458264.875317515] [leg_5_controller]: Goal reached, success!
[walk] [tripod_walk_node-1] [INFO] [1775458264.906629756] [tripod_walk_node]: Half-cycle 7: A(0,2,4) swings
[sim] [ign gazebo-2] [INFO] [1775458264.908055915] [leg_0_controller]: Received new action goal
[sim] [ign gazebo-2] [INFO] [1775458264.908119014] [leg_0_controller]: Accepted new action goal
[sim] [ign gazebo-2] [INFO] [1775458264.908440312] [leg_1_controller]: Received new action goal
[sim] [ign gazebo-2] [INFO] [1775458264.908470850] [leg_1_controller]: Accepted new action goal
[sim] [ign gazebo-2] [INFO] [1775458264.909221831] [leg_2_controller]: Received new action goal
[ign gazebo-2] [INFO] [1775458264.909254432] [leg_2_controller]: Accepted new action goal
[sim] [ign gazebo-2] [INFO] [1775458264.909821836] [leg_4_controller]: Received new action goal
[sim] [ign gazebo-2] [INFO] [1775458264.909863795] [leg_4_controller]: Accepted new action goal
[sim] [ign gazebo-2] [INFO] [1775458264.910107437] [leg_3_controller]: Received new action goal
[ign gazebo-2] [INFO] [1775458264.910147993] [leg_3_controller]: Accepted new action goal
[sim] [ign gazebo-2] [INFO] [1775458264.910338253] [leg_5_controller]: Received new action goal
[ign gazebo-2] [INFO] [1775458264.910375774] [leg_5_controller]: Accepted new action goal
[sim] [ign gazebo-2] [INFO] [1775458266.371575811] [leg_0_controller]: Goal reached, success!
[ign gazebo-2] [INFO] [1775458266.371679838] [leg_1_controller]: Goal reached, success!
[ign gazebo-2] [INFO] [1775458266.371751122] [leg_2_controller]: Goal reached, success!
[sim] [ign gazebo-2] [INFO] [1775458266.378443737] [leg_3_controller]: Goal reached, success!
[ign gazebo-2] [INFO] [1775458266.378552002] [leg_4_controller]: Goal reached, success!
[ign gazebo-2] [INFO] [1775458266.378588992] [leg_5_controller]: Goal reached, success!
[walk] [tripod_walk_node-1] [INFO] [1775458266.410819601] [tripod_walk_node]: Half-cycle 8: B(1,3,5) swings
[sim] [ign gazebo-2] [INFO] [1775458266.411326079] [leg_0_controller]: Received new action goal
[sim] [ign gazebo-2] [INFO] [1775458266.411397725] [leg_0_controller]: Accepted new action goal
[sim] [ign gazebo-2] [INFO] [1775458266.411612311] [leg_1_controller]: Received new action goal
[sim] [ign gazebo-2] [INFO] [1775458266.411659390] [leg_1_controller]: Accepted new action goal
[ign gazebo-2] [INFO] [1775458266.412016636] [leg_2_controller]: Received new action goal
[sim] [ign gazebo-2] [INFO] [1775458266.412057122] [leg_2_controller]: Accepted new action goal
[sim] [ign gazebo-2] [INFO] [1775458266.412232194] [leg_3_controller]: Received new action goal
[sim] [ign gazebo-2] [INFO] [1775458266.412269454] [leg_3_controller]: Accepted new action goal
[sim] [ign gazebo-2] [INFO] [1775458266.412963357] [leg_4_controller]: Received new action goal
[sim] [ign gazebo-2] [INFO] [1775458266.412995308] [leg_4_controller]: Accepted new action goal
[ign gazebo-2] [INFO] [1775458266.413245401] [leg_5_controller]: Received new action goal
[sim] [ign gazebo-2] [INFO] [1775458266.413282231] [leg_5_controller]: Accepted new action goal
[sim] [ign gazebo-2] [INFO] [1775458268.011539589] [leg_0_controller]: Goal reached, success!
[ign gazebo-2] [INFO] [1775458268.011625712] [leg_1_controller]: Goal reached, success!
[sim] [ign gazebo-2] [INFO] [1775458268.011713168] [leg_2_controller]: Goal reached, success!
[ign gazebo-2] [INFO] [1775458268.011733757] [leg_3_controller]: Goal reached, success!
[ign gazebo-2] [INFO] [1775458268.011748985] [leg_4_controller]: Goal reached, success!
[sim] [ign gazebo-2] [INFO] [1775458268.013267168] [leg_5_controller]: Goal reached, success!
[walk] [tripod_walk_node-1] [INFO] [1775458268.013773807] [tripod_walk_node]: Half-cycle 9: A(0,2,4) swings
[sim] [ign gazebo-2] [INFO] [1775458268.014176780] [leg_0_controller]: Received new action goal
[sim] [ign gazebo-2] [INFO] [1775458268.014211375] [leg_0_controller]: Accepted new action goal
[sim] [ign gazebo-2] [INFO] [1775458268.014531020] [leg_1_controller]: Received new action goal
[sim] [ign gazebo-2] [INFO] [1775458268.014561457] [leg_1_controller]: Accepted new action goal
[sim] [ign gazebo-2] [INFO] [1775458268.014780532] [leg_2_controller]: Received new action goal
[sim] [ign gazebo-2] [INFO] [1775458268.014813174] [leg_2_controller]: Accepted new action goal
[sim] [ign gazebo-2] [INFO] [1775458268.015085018] [leg_3_controller]: Received new action goal
[ign gazebo-2] [INFO] [1775458268.015126336] [leg_3_controller]: Accepted new action goal
[sim] [ign gazebo-2] [INFO] [1775458268.015447294] [leg_4_controller]: Received new action goal
[sim] [ign gazebo-2] [INFO] [1775458268.015490666] [leg_4_controller]: Accepted new action goal
[ign gazebo-2] [INFO] [1775458268.015711844] [leg_5_controller]: Received new action goal
[sim] [ign gazebo-2] [INFO] [1775458268.015756789] [leg_5_controller]: Accepted new action goal
[sim] [ign gazebo-2] [INFO] [1775458269.333274191] [leg_0_controller]: Goal reached, success!
[ign gazebo-2] [INFO] [1775458269.333385853] [leg_1_controller]: Goal reached, success!
[sim] [ign gazebo-2] [INFO] [1775458269.333420278] [leg_2_controller]: Goal reached, success!
[ign gazebo-2] [INFO] [1775458269.333439143] [leg_3_controller]: Goal reached, success!
[sim] [ign gazebo-2] [INFO] [1775458269.333459332] [leg_4_controller]: Goal reached, success!
[sim] [ign gazebo-2] [INFO] [1775458269.333478919] [leg_5_controller]: Goal reached, success!
[walk] [tripod_walk_node-1] [INFO] [1775458269.366287693] [tripod_walk_node]: Half-cycle 10: B(1,3,5) swings
[sim] [ign gazebo-2] [INFO] [1775458269.366747663] [leg_0_controller]: Received new action goal
[sim] [ign gazebo-2] [INFO] [1775458269.366802517] [leg_0_controller]: Accepted new action goal
[sim] [ign gazebo-2] [INFO] [1775458269.367191633] [leg_1_controller]: Received new action goal
[ign gazebo-2] [INFO] [1775458269.367238101] [leg_1_controller]: Accepted new action goal
[sim] [ign gazebo-2] [INFO] [1775458269.367484547] [leg_2_controller]: Received new action goal
[sim] [ign gazebo-2] [INFO] [1775458269.367536466] [leg_2_controller]: Accepted new action goal
[ign gazebo-2] [INFO] [1775458269.367662925] [leg_3_controller]: Received new action goal
[sim] [ign gazebo-2] [INFO] [1775458269.367695436] [leg_3_controller]: Accepted new action goal
[sim] [ign gazebo-2] [INFO] [1775458269.367907518] [leg_4_controller]: Received new action goal
[sim] [ign gazebo-2] [INFO] [1775458269.367941963] [leg_4_controller]: Accepted new action goal
[sim] [ign gazebo-2] [INFO] [1775458269.368105322] [leg_5_controller]: Received new action goal
[ign gazebo-2] [INFO] [1775458269.368134176] [leg_5_controller]: Accepted new action goal
[sim] [ign gazebo-2] [INFO] [1775458270.777490775] [leg_0_controller]: Goal reached, success!
[ign gazebo-2] [INFO] [1775458270.777575184] [leg_1_controller]: Goal reached, success!
[sim] [ign gazebo-2] [INFO] [1775458270.777608748] [leg_2_controller]: Goal reached, success!
[ign gazebo-2] [INFO] [1775458270.777636290] [leg_3_controller]: Goal reached, success!
[sim] [ign gazebo-2] [INFO] [1775458270.777662119] [leg_4_controller]: Goal reached, success!
[ign gazebo-2] [INFO] [1775458270.777685603] [leg_5_controller]: Goal reached, success!
[walk] [tripod_walk_node-1] [INFO] [1775458270.818557896] [tripod_walk_node]: Half-cycle 11: A(0,2,4) swings
[sim] [ign gazebo-2] [INFO] [1775458270.819108067] [leg_0_controller]: Received new action goal
[sim] [ign gazebo-2] [INFO] [1775458270.819168742] [leg_0_controller]: Accepted new action goal
[sim] [ign gazebo-2] [INFO] [1775458270.819392565] [leg_1_controller]: Received new action goal
[ign gazebo-2] [INFO] [1775458270.819441227] [leg_1_controller]: Accepted new action goal
[sim] [ign gazebo-2] [INFO] [1775458270.819751705] [leg_2_controller]: Received new action goal
[sim] [ign gazebo-2] [INFO] [1775458270.819793995] [leg_2_controller]: Accepted new action goal
[ign gazebo-2] [INFO] [1775458270.819990457] [leg_3_controller]: Received new action goal
[sim] [ign gazebo-2] [INFO] [1775458270.820028509] [leg_3_controller]: Accepted new action goal
[sim] [ign gazebo-2] [INFO] [1775458270.820215252] [leg_4_controller]: Received new action goal
[sim] [ign gazebo-2] [INFO] [1775458270.820258093] [leg_4_controller]: Accepted new action goal
[sim] [ign gazebo-2] [INFO] [1775458270.820523816] [leg_5_controller]: Received new action goal
[sim] [ign gazebo-2] [INFO] [1775458270.820567709] [leg_5_controller]: Accepted new action goal
[sim] [ign gazebo-2] [INFO] [1775458272.192147182] [leg_0_controller]: Goal reached, success!
[ign gazebo-2] [INFO] [1775458272.192244727] [leg_1_controller]: Goal reached, success!
[ign gazebo-2] [INFO] [1775458272.192271477] [leg_2_controller]: Goal reached, success!
[sim] [ign gazebo-2] [INFO] [1775458272.192292076] [leg_3_controller]: Goal reached, success!
[ign gazebo-2] [INFO] [1775458272.192317935] [leg_4_controller]: Goal reached, success!
[sim] [ign gazebo-2] [INFO] [1775458272.192336290] [leg_5_controller]: Goal reached, success!
[walk] [tripod_walk_node-1] [INFO] [1775458272.220889622] [tripod_walk_node]: Half-cycle 12: B(1,3,5) swings
[sim] [ign gazebo-2] [INFO] [1775458272.221552055] [leg_0_controller]: Received new action goal
[ign gazebo-2] [INFO] [1775458272.221609915] [leg_0_controller]: Accepted new action goal
[sim] [ign gazebo-2] [INFO] [1775458272.221914301] [leg_1_controller]: Received new action goal
[sim] [ign gazebo-2] [INFO] [1775458272.221962001] [leg_1_controller]: Accepted new action goal
[ign gazebo-2] [INFO] [1775458272.222152892] [leg_2_controller]: Received new action goal
[ign gazebo-2] [INFO] [1775458272.222193158] [leg_2_controller]: Accepted new action goal
[sim] [ign gazebo-2] [INFO] [1775458272.223068675] [leg_3_controller]: Received new action goal
[sim] [ign gazebo-2] [INFO] [1775458272.223109553] [leg_3_controller]: Accepted new action goal
[sim] [ign gazebo-2] [INFO] [1775458272.223298761] [leg_5_controller]: Received new action goal
[sim] [ign gazebo-2] [INFO] [1775458272.223343024] [leg_5_controller]: Accepted new action goal
[ign gazebo-2] [INFO] [1775458272.223357361] [leg_4_controller]: Received new action goal
[ign gazebo-2] [INFO] [1775458272.223392348] [leg_4_controller]: Accepted new action goal
[sim] [ign gazebo-2] [INFO] [1775458273.656610361] [leg_0_controller]: Goal reached, success!
[ign gazebo-2] [INFO] [1775458273.656725649] [leg_1_controller]: Goal reached, success!
[sim] [ign gazebo-2] [INFO] [1775458273.656764693] [leg_2_controller]: Goal reached, success!
[ign gazebo-2] [INFO] [1775458273.656795131] [leg_3_controller]: Goal reached, success!
[sim] [ign gazebo-2] [INFO] [1775458273.656821491] [leg_4_controller]: Goal reached, success!
[ign gazebo-2] [INFO] [1775458273.656844905] [leg_5_controller]: Goal reached, success!
[walk] [tripod_walk_node-1] [INFO] [1775458273.673865894] [tripod_walk_node]: Half-cycle 13: A(0,2,4) swings
[sim] [ign gazebo-2] [INFO] [1775458273.674442495] [leg_0_controller]: Received new action goal
[sim] [ign gazebo-2] [INFO] [1775458273.674515413] [leg_0_controller]: Accepted new action goal
[sim] [ign gazebo-2] [INFO] [1775458273.674794872] [leg_1_controller]: Received new action goal
[sim] [ign gazebo-2] [INFO] [1775458273.674864544] [leg_1_controller]: Accepted new action goal
[ign gazebo-2] [INFO] [1775458273.675255524] [leg_2_controller]: Received new action goal
[sim] [ign gazebo-2] [INFO] [1775458273.675324614] [leg_2_controller]: Accepted new action goal
[ign gazebo-2] [INFO] [1775458273.675592401] [leg_3_controller]: Received new action goal
[sim] [ign gazebo-2] [INFO] [1775458273.675646053] [leg_3_controller]: Accepted new action goal
[sim] [ign gazebo-2] [INFO] [1775458273.676455835] [leg_4_controller]: Received new action goal
[sim] [ign gazebo-2] [INFO] [1775458273.676497253] [leg_4_controller]: Accepted new action goal
[ign gazebo-2] [INFO] [1775458273.676703063] [leg_5_controller]: Received new action goal
[sim] [ign gazebo-2] [INFO] [1775458273.676747236] [leg_5_controller]: Accepted new action goal
[sim] [ign gazebo-2] [INFO] [1775458275.091312243] [leg_0_controller]: Goal reached, success!
[ign gazebo-2] [INFO] [1775458275.091401552] [leg_1_controller]: Goal reached, success!
[sim] [ign gazebo-2] [INFO] [1775458275.091433623] [leg_2_controller]: Goal reached, success!
[ign gazebo-2] [INFO] [1775458275.091461505] [leg_3_controller]: Goal reached, success!
[sim] [ign gazebo-2] [INFO] [1775458275.091487785] [leg_4_controller]: Goal reached, success!
[ign gazebo-2] [INFO] [1775458275.091512953] [leg_5_controller]: Goal reached, success!
[walk] [tripod_walk_node-1] [INFO] [1775458275.127141524] [tripod_walk_node]: Half-cycle 14: B(1,3,5) swings
[sim] [ign gazebo-2] [INFO] [1775458275.127733724] [leg_0_controller]: Received new action goal
[sim] [ign gazebo-2] [INFO] [1775458275.127796834] [leg_0_controller]: Accepted new action goal
[sim] [ign gazebo-2] [INFO] [1775458275.128213953] [leg_1_controller]: Received new action goal
[sim] [ign gazebo-2] [INFO] [1775458275.128256564] [leg_1_controller]: Accepted new action goal
[sim] [ign gazebo-2] [INFO] [1775458275.128539760] [leg_2_controller]: Received new action goal
[ign gazebo-2] [INFO] [1775458275.128579715] [leg_2_controller]: Accepted new action goal
[sim] [ign gazebo-2] [INFO] [1775458275.128952280] [leg_3_controller]: Received new action goal
[ign gazebo-2] [INFO] [1775458275.128987477] [leg_3_controller]: Accepted new action goal
[sim] [ign gazebo-2] [INFO] [1775458275.129206772] [leg_4_controller]: Received new action goal
[sim] [ign gazebo-2] [INFO] [1775458275.129242209] [leg_4_controller]: Accepted new action goal
[sim] [ign gazebo-2] [INFO] [1775458275.129576702] [leg_5_controller]: Received new action goal
[sim] [ign gazebo-2] [INFO] [1775458275.129608642] [leg_5_controller]: Accepted new action goal
[sim] [ign gazebo-2] [INFO] [1775458276.517506097] [leg_0_controller]: Goal reached, success!
[ign gazebo-2] [INFO] [1775458276.517628559] [leg_1_controller]: Goal reached, success!
[sim] [ign gazebo-2] [INFO] [1775458276.517660479] [leg_2_controller]: Goal reached, success!
[sim] [ign gazebo-2] [INFO] [1775458276.517687851] [leg_3_controller]: Goal reached, success!
[ign gazebo-2] [INFO] [1775458276.517714942] [leg_4_controller]: Goal reached, success!
[ign gazebo-2] [INFO] [1775458276.517743436] [leg_5_controller]: Goal reached, success!
[walk] [tripod_walk_node-1] [INFO] [1775458276.529955235] [tripod_walk_node]: Half-cycle 15: A(0,2,4) swings
[sim] [ign gazebo-2] [INFO] [1775458276.530518821] [leg_0_controller]: Received new action goal
[ign gazebo-2] [INFO] [1775458276.530589305] [leg_0_controller]: Accepted new action goal
[sim] [ign gazebo-2] [INFO] [1775458276.530815673] [leg_1_controller]: Received new action goal
[ign gazebo-2] [INFO] [1775458276.530871448] [leg_1_controller]: Accepted new action goal
[sim] [ign gazebo-2] [INFO] [1775458276.531080825] [leg_2_controller]: Received new action goal
[ign gazebo-2] [INFO] [1775458276.531130589] [leg_2_controller]: Accepted new action goal
[sim] [ign gazebo-2] [INFO] [1775458276.532101696] [leg_3_controller]: Received new action goal
[ign gazebo-2] [INFO] [1775458276.532138576] [leg_3_controller]: Accepted new action goal
[sim] [ign gazebo-2] [INFO] [1775458276.532433995] [leg_5_controller]: Received new action goal
[ign gazebo-2] [INFO] [1775458276.532469633] [leg_5_controller]: Accepted new action goal
[sim] [ign gazebo-2] [INFO] [1775458276.532702022] [leg_4_controller]: Received new action goal
[sim] [ign gazebo-2] [INFO] [1775458276.532731047] [leg_4_controller]: Accepted new action goal
[sim] [ign gazebo-2] [INFO] [1775458278.007338506] [leg_0_controller]: Goal reached, success!
[ign gazebo-2] [INFO] [1775458278.007465626] [leg_1_controller]: Goal reached, success!
[ign gazebo-2] [INFO] [1775458278.007577628] [leg_2_controller]: Goal reached, success!
[ign gazebo-2] [INFO] [1775458278.007600131] [leg_3_controller]: Goal reached, success!
[sim] [ign gazebo-2] [INFO] [1775458278.010053013] [leg_4_controller]: Goal reached, success!
[sim] [ign gazebo-2] [INFO] [1775458278.010106424] [leg_5_controller]: Goal reached, success!
[walk] [tripod_walk_node-1] [INFO] [1775458278.033019844] [tripod_walk_node]: Half-cycle 16: B(1,3,5) swings
[sim] [ign gazebo-2] [INFO] [1775458278.033511233] [leg_0_controller]: Received new action goal
[sim] [ign gazebo-2] [INFO] [1775458278.033560477] [leg_0_controller]: Accepted new action goal
[sim] [ign gazebo-2] [INFO] [1775458278.033756528] [leg_1_controller]: Received new action goal
[ign gazebo-2] [INFO] [1775458278.033796874] [leg_1_controller]: Accepted new action goal
[sim] [ign gazebo-2] [INFO] [1775458278.033955855] [leg_2_controller]: Received new action goal
[sim] [ign gazebo-2] [INFO] [1775458278.033997133] [leg_2_controller]: Accepted new action goal
[sim] [ign gazebo-2] [INFO] [1775458278.034187012] [leg_3_controller]: Received new action goal
[sim] [ign gazebo-2] [INFO] [1775458278.034225966] [leg_3_controller]: Accepted new action goal
[sim] [ign gazebo-2] [INFO] [1775458278.034637244] [leg_4_controller]: Received new action goal
[sim] [ign gazebo-2] [INFO] [1775458278.034675497] [leg_4_controller]: Accepted new action goal
[ign gazebo-2] [INFO] [1775458278.034891385] [leg_5_controller]: Received new action goal
[ign gazebo-2] [INFO] [1775458278.034929948] [leg_5_controller]: Accepted new action goal
[sim] [ign gazebo-2] [INFO] [1775458279.496420278] [leg_0_controller]: Goal reached, success!
[ign gazebo-2] [INFO] [1775458279.496503605] [leg_1_controller]: Goal reached, success!
[sim] [ign gazebo-2] [INFO] [1775458279.496535946] [leg_2_controller]: Goal reached, success!
[ign gazebo-2] [INFO] [1775458279.496560062] [leg_3_controller]: Goal reached, success!
[ign gazebo-2] [INFO] [1775458279.496584488] [leg_4_controller]: Goal reached, success!
[ign gazebo-2] [INFO] [1775458279.496601631] [leg_5_controller]: Goal reached, success!
[walk] [tripod_walk_node-1] [INFO] [1775458279.535457540] [tripod_walk_node]: Half-cycle 17: A(0,2,4) swings
[sim] [ign gazebo-2] [INFO] [1775458279.535925435] [leg_0_controller]: Received new action goal
[ign gazebo-2] [INFO] [1775458279.535980399] [leg_0_controller]: Accepted new action goal
[sim] [ign gazebo-2] [INFO] [1775458279.536152675] [leg_1_controller]: Received new action goal
[ign gazebo-2] [INFO] [1775458279.536190807] [leg_1_controller]: Accepted new action goal
[sim] [ign gazebo-2] [INFO] [1775458279.536526312] [leg_2_controller]: Received new action goal
[ign gazebo-2] [INFO] [1775458279.536570776] [leg_2_controller]: Accepted new action goal
[ign gazebo-2] [INFO] [1775458279.536711462] [leg_3_controller]: Received new action goal
[ign gazebo-2] [INFO] [1775458279.536750657] [leg_3_controller]: Accepted new action goal
[sim] [ign gazebo-2] [INFO] [1775458279.537077986] [leg_4_controller]: Received new action goal
[ign gazebo-2] [INFO] [1775458279.537111319] [leg_4_controller]: Accepted new action goal
[sim] [ign gazebo-2] [INFO] [1775458279.537356663] [leg_5_controller]: Received new action goal
[sim] [ign gazebo-2] [INFO] [1775458279.537396118] [leg_5_controller]: Accepted new action goal
[sim] [ign gazebo-2] [INFO] [1775458280.944045890] [leg_0_controller]: Goal reached, success!
[ign gazebo-2] [INFO] [1775458280.944137594] [leg_1_controller]: Goal reached, success!
[sim] [ign gazebo-2] [INFO] [1775458280.944173532] [leg_2_controller]: Goal reached, success!
[ign gazebo-2] [INFO] [1775458280.944192718] [leg_3_controller]: Goal reached, success!
[ign gazebo-2] [INFO] [1775458280.944208568] [leg_4_controller]: Goal reached, success!
[sim] [ign gazebo-2] [INFO] [1775458280.944224598] [leg_5_controller]: Goal reached, success!
[walk] [tripod_walk_node-1] [INFO] [1775458280.987857467] [tripod_walk_node]: Half-cycle 18: B(1,3,5) swings
[sim] [ign gazebo-2] [INFO] [1775458280.988545549] [leg_0_controller]: Received new action goal
[sim] [ign gazebo-2] [INFO] [1775458280.988629548] [leg_0_controller]: Accepted new action goal
[ign gazebo-2] [INFO] [1775458280.988889049] [leg_1_controller]: Received new action goal
[ign gazebo-2] [INFO] [1775458280.988931780] [leg_1_controller]: Accepted new action goal
[sim] [ign gazebo-2] [INFO] [1775458280.990196584] [leg_2_controller]: Received new action goal
[sim] [ign gazebo-2] [INFO] [1775458280.990240687] [leg_2_controller]: Accepted new action goal
[sim] [ign gazebo-2] [INFO] [1775458280.990430927] [leg_5_controller]: Received new action goal
[sim] [ign gazebo-2] [INFO] [1775458280.990465833] [leg_5_controller]: Accepted new action goal
[sim] [ign gazebo-2] [INFO] [1775458280.990496160] [leg_4_controller]: Received new action goal
[sim] [ign gazebo-2] [INFO] [1775458280.990532058] [leg_4_controller]: Accepted new action goal
[ign gazebo-2] [INFO] [1775458280.990537509] [leg_3_controller]: Received new action goal
[sim] [ign gazebo-2] [INFO] [1775458280.990582544] [leg_3_controller]: Accepted new action goal
[sim] [ign gazebo-2] [INFO] [1775458282.521471223] [leg_0_controller]: Goal reached, success!
[ign gazebo-2] [INFO] [1775458282.521612440] [leg_1_controller]: Goal reached, success!
[sim] [ign gazebo-2] [INFO] [1775458282.521671502] [leg_2_controller]: Goal reached, success!
[ign gazebo-2] [INFO] [1775458282.521701259] [leg_3_controller]: Goal reached, success!
[sim] [ign gazebo-2] [INFO] [1775458282.523504731] [leg_4_controller]: Goal reached, success!
[sim] [ign gazebo-2] [INFO] [1775458282.523556269] [leg_5_controller]: Goal reached, success!
[walk] [tripod_walk_node-1] [INFO] [1775458282.540979931] [tripod_walk_node]: Half-cycle 19: A(0,2,4) swings
[sim] [ign gazebo-2] [INFO] [1775458282.541518380] [leg_0_controller]: Received new action goal
[ign gazebo-2] [INFO] [1775458282.541567653] [leg_0_controller]: Accepted new action goal
[sim] [ign gazebo-2] [INFO] [1775458282.542052711] [leg_1_controller]: Received new action goal
[sim] [ign gazebo-2] [INFO] [1775458282.542102315] [leg_1_controller]: Accepted new action goal
[sim] [ign gazebo-2] [INFO] [1775458282.542347869] [leg_2_controller]: Received new action goal
[sim] [ign gazebo-2] [INFO] [1775458282.542394147] [leg_2_controller]: Accepted new action goal
[ign gazebo-2] [INFO] [1775458282.542524193] [leg_3_controller]: Received new action goal
[sim] [ign gazebo-2] [INFO] [1775458282.542572474] [leg_3_controller]: Accepted new action goal
[sim] [ign gazebo-2] [INFO] [1775458282.542817588] [leg_4_controller]: Received new action goal
[ign gazebo-2] [INFO] [1775458282.542853326] [leg_4_controller]: Accepted new action goal
[sim] [ign gazebo-2] [INFO] [1775458282.542968394] [leg_5_controller]: Received new action goal
[sim] [ign gazebo-2] [INFO] [1775458282.543008690] [leg_5_controller]: Accepted new action goal
[sim] [ign gazebo-2] [INFO] [1775458283.937645962] [leg_0_controller]: Goal reached, success!
[ign gazebo-2] [INFO] [1775458283.937737375] [leg_1_controller]: Goal reached, success!
[sim] [ign gazebo-2] [INFO] [1775458283.937763946] [leg_2_controller]: Goal reached, success!
[sim] [ign gazebo-2] [INFO] [1775458283.937781509] [leg_3_controller]: Goal reached, success!
[ign gazebo-2] [INFO] [1775458283.937798281] [leg_4_controller]: Goal reached, success!
[ign gazebo-2] [INFO] [1775458283.937816495] [leg_5_controller]: Goal reached, success!
[walk] [tripod_walk_node-1] [INFO] [1775458283.943548111] [tripod_walk_node]: Half-cycle 20: B(1,3,5) swings
[sim] [ign gazebo-2] [INFO] [1775458283.944025224] [leg_0_controller]: Received new action goal
[ign gazebo-2] [INFO] [1775458283.944081521] [leg_0_controller]: Accepted new action goal
[sim] [ign gazebo-2] [INFO] [1775458283.944314983] [leg_1_controller]: Received new action goal
[ign gazebo-2] [INFO] [1775458283.944361681] [leg_1_controller]: Accepted new action goal
[sim] [ign gazebo-2] [INFO] [1775458283.944559706] [leg_2_controller]: Received new action goal
[ign gazebo-2] [INFO] [1775458283.944598289] [leg_2_controller]: Accepted new action goal
[sim] [ign gazebo-2] [INFO] [1775458283.944850115] [leg_3_controller]: Received new action goal
[ign gazebo-2] [INFO] [1775458283.944889209] [leg_3_controller]: Accepted new action goal
[sim] [ign gazebo-2] [INFO] [1775458283.945347687] [leg_4_controller]: Received new action goal
[ign gazebo-2] [INFO] [1775458283.945388905] [leg_4_controller]: Accepted new action goal
[sim] [ign gazebo-2] [INFO] [1775458283.945695225] [leg_5_controller]: Received new action goal
[ign gazebo-2] [INFO] [1775458283.945729199] [leg_5_controller]: Accepted new action goal
[sim] [ign gazebo-2] [INFO] [1775458285.469725519] [leg_0_controller]: Goal reached, success!
[ign gazebo-2] [INFO] [1775458285.469881163] [leg_1_controller]: Goal reached, success!
[ign gazebo-2] [INFO] [1775458285.469939163] [leg_2_controller]: Goal reached, success!
[sim] [ign gazebo-2] [INFO] [1775458285.469981243] [leg_3_controller]: Goal reached, success!
[ign gazebo-2] [INFO] [1775458285.470012211] [leg_4_controller]: Goal reached, success!
[sim] [ign gazebo-2] [INFO] [1775458285.470042338] [leg_5_controller]: Goal reached, success!
[walk] [tripod_walk_node-1] [INFO] [1775458285.496155925] [tripod_walk_node]: Half-cycle 21: A(0,2,4) swings
[sim] [ign gazebo-2] [INFO] [1775458285.496839970] [leg_0_controller]: Received new action goal
[ign gazebo-2] [INFO] [1775458285.496910373] [leg_0_controller]: Accepted new action goal
[sim] [ign gazebo-2] [INFO] [1775458285.497224888] [leg_1_controller]: Received new action goal
[ign gazebo-2] [INFO] [1775458285.497265375] [leg_1_controller]: Accepted new action goal
[sim] [ign gazebo-2] [INFO] [1775458285.497649041] [leg_2_controller]: Received new action goal
[ign gazebo-2] [INFO] [1775458285.497686221] [leg_2_controller]: Accepted new action goal
[sim] [ign gazebo-2] [INFO] [1775458285.498176108] [leg_3_controller]: Received new action goal
[ign gazebo-2] [INFO] [1775458285.498219410] [leg_3_controller]: Accepted new action goal
[sim] [ign gazebo-2] [INFO] [1775458285.498418847] [leg_4_controller]: Received new action goal
[ign gazebo-2] [INFO] [1775458285.498450507] [leg_4_controller]: Accepted new action goal
[sim] [ign gazebo-2] [INFO] [1775458285.498668560] [leg_5_controller]: Received new action goal
[sim] [ign gazebo-2] [INFO] [1775458285.498698136] [leg_5_controller]: Accepted new action goal
[sim] [ign gazebo-2] [INFO] [1775458286.929507011] [leg_0_controller]: Goal reached, success!
[ign gazebo-2] [INFO] [1775458286.929607842] [leg_1_controller]: Goal reached, success!
[sim] [ign gazebo-2] [INFO] [1775458286.929640503] [leg_2_controller]: Goal reached, success!
[ign gazebo-2] [INFO] [1775458286.929660892] [leg_3_controller]: Goal reached, success!
[ign gazebo-2] [INFO] [1775458286.929706528] [leg_4_controller]: Goal reached, success!
[sim] [ign gazebo-2] [INFO] [1775458286.929739831] [leg_5_controller]: Goal reached, success!
[walk] [tripod_walk_node-1] [INFO] [1775458286.949710874] [tripod_walk_node]: Half-cycle 22: B(1,3,5) swings
[sim] [ign gazebo-2] [INFO] [1775458286.952860444] [leg_0_controller]: Received new action goal
[sim] [ign gazebo-2] [INFO] [1775458286.952929826] [leg_0_controller]: Accepted new action goal
[sim] [ign gazebo-2] [INFO] [1775458286.953325394] [leg_2_controller]: Received new action goal
[sim] [ign gazebo-2] [INFO] [1775458286.953384646] [leg_2_controller]: Accepted new action goal
[ign gazebo-2] [INFO] [1775458286.953407740] [leg_5_controller]: Received new action goal
[sim] [ign gazebo-2] [INFO] [1775458286.953450822] [leg_5_controller]: Accepted new action goal
[ign gazebo-2] [INFO] [1775458286.953567993] [leg_4_controller]: Received new action goal
[sim] [ign gazebo-2] [INFO] [1775458286.953616896] [leg_4_controller]: Accepted new action goal
[ign gazebo-2] [INFO] [1775458286.953659276] [leg_1_controller]: Received new action goal
[sim] [ign gazebo-2] [INFO] [1775458286.953711725] [leg_1_controller]: Accepted new action goal
[sim] [ign gazebo-2] [INFO] [1775458286.953835179] [leg_3_controller]: Received new action goal
[sim] [ign gazebo-2] [INFO] [1775458286.953888470] [leg_3_controller]: Accepted new action goal
[sim] [ign gazebo-2] [INFO] [1775458288.473691088] [leg_0_controller]: Goal reached, success!
[ign gazebo-2] [INFO] [1775458288.473791007] [leg_1_controller]: Goal reached, success!
[ign gazebo-2] [INFO] [1775458288.473817046] [leg_2_controller]: Goal reached, success!
[sim] [ign gazebo-2] [INFO] [1775458288.473836613] [leg_3_controller]: Goal reached, success!
[sim] [ign gazebo-2] [INFO] [1775458288.475572318] [leg_4_controller]: Goal reached, success!
[sim] [ign gazebo-2] [INFO] [1775458288.475610239] [leg_5_controller]: Goal reached, success!
[walk] [tripod_walk_node-1] [INFO] [1775458288.504733662] [tripod_walk_node]: Half-cycle 23: A(0,2,4) swings
[sim] [ign gazebo-2] [INFO] [1775458288.505410373] [leg_0_controller]: Received new action goal
[ign gazebo-2] [INFO] [1775458288.505474585] [leg_0_controller]: Accepted new action goal
[sim] [ign gazebo-2] [INFO] [1775458288.505961376] [leg_2_controller]: Received new action goal
[ign gazebo-2] [INFO] [1775458288.505998416] [leg_2_controller]: Accepted new action goal
[sim] [ign gazebo-2] [INFO] [1775458288.506032701] [leg_1_controller]: Received new action goal
[ign gazebo-2] [INFO] [1775458288.506065503] [leg_1_controller]: Accepted new action goal
[sim] [ign gazebo-2] [INFO] [1775458288.506284978] [leg_3_controller]: Received new action goal
[sim] [ign gazebo-2] [INFO] [1775458288.506335213] [leg_3_controller]: Accepted new action goal
[sim] [ign gazebo-2] [INFO] [1775458288.506502279] [leg_4_controller]: Received new action goal
[ign gazebo-2] [INFO] [1775458288.506531084] [leg_4_controller]: Accepted new action goal
[sim] [ign gazebo-2] [INFO] [1775458288.506712627] [leg_5_controller]: Received new action goal
[sim] [ign gazebo-2] [INFO] [1775458288.506750038] [leg_5_controller]: Accepted new action goal
[sim] [ign gazebo-2] [INFO] [1775458289.958893820] [leg_0_controller]: Goal reached, success!
[ign gazebo-2] [INFO] [1775458289.958973400] [leg_1_controller]: Goal reached, success!
[ign gazebo-2] [INFO] [1775458289.959001754] [leg_2_controller]: Goal reached, success!
[sim] [ign gazebo-2] [INFO] [1775458289.959023505] [leg_3_controller]: Goal reached, success!
[ign gazebo-2] [INFO] [1775458289.959043573] [leg_4_controller]: Goal reached, success!
[ign gazebo-2] [INFO] [1775458289.959064924] [leg_5_controller]: Goal reached, success!
[walk] [tripod_walk_node-1] [INFO] [1775458290.007222717] [tripod_walk_node]: Half-cycle 24: B(1,3,5) swings
[sim] [ign gazebo-2] [INFO] [1775458290.008661740] [leg_0_controller]: Received new action goal
[sim] [ign gazebo-2] [INFO] [1775458290.008732845] [leg_0_controller]: Accepted new action goal
[sim] [ign gazebo-2] [INFO] [1775458290.008750879] [leg_1_controller]: Received new action goal
[sim] [ign gazebo-2] [INFO] [1775458290.008818908] [leg_1_controller]: Accepted new action goal
[sim] [ign gazebo-2] [INFO] [1775458290.009830212] [leg_2_controller]: Received new action goal
[sim] [ign gazebo-2] [INFO] [1775458290.010019540] [leg_2_controller]: Accepted new action goal
[ign gazebo-2] [INFO] [1775458290.010715407] [leg_3_controller]: Received new action goal
[sim] [ign gazebo-2] [INFO] [1775458290.010983254] [leg_3_controller]: Accepted new action goal
[ign gazebo-2] [INFO] [1775458290.011747911] [leg_4_controller]: Received new action goal
[sim] [ign gazebo-2] [INFO] [1775458290.011789399] [leg_4_controller]: Accepted new action goal
[sim] [ign gazebo-2] [INFO] [1775458290.011980040] [leg_5_controller]: Received new action goal
[sim] [ign gazebo-2] [INFO] [1775458290.012016729] [leg_5_controller]: Accepted new action goal
[sim] [ign gazebo-2] [INFO] [1775458291.509362725] [leg_0_controller]: Goal reached, success!
[ign gazebo-2] [INFO] [1775458291.509480968] [leg_1_controller]: Goal reached, success!
[sim] [ign gazebo-2] [INFO] [1775458291.544478548] [leg_2_controller]: Goal reached, success!
[ign gazebo-2] [INFO] [1775458291.544597112] [leg_3_controller]: Goal reached, success!
[sim] [ign gazebo-2] [INFO] [1775458291.546639097] [leg_4_controller]: Goal reached, success!
[ign gazebo-2] [INFO] [1775458291.546725570] [leg_5_controller]: Goal reached, success!
[walk] [tripod_walk_node-1] [INFO] [1775458291.562474834] [tripod_walk_node]: Half-cycle 25: A(0,2,4) swings
[sim] [ign gazebo-2] [INFO] [1775458291.563017091] [leg_0_controller]: Received new action goal
[sim] [ign gazebo-2] [INFO] [1775458291.563113723] [leg_0_controller]: Accepted new action goal
[sim] [ign gazebo-2] [INFO] [1775458291.563332447] [leg_1_controller]: Received new action goal
[sim] [ign gazebo-2] [INFO] [1775458291.563376931] [leg_1_controller]: Accepted new action goal
[ign gazebo-2] [INFO] [1775458291.563692288] [leg_2_controller]: Received new action goal
[ign gazebo-2] [INFO] [1775458291.563749647] [leg_2_controller]: Accepted new action goal
[ign gazebo-2] [INFO] [1775458291.564429624] [leg_3_controller]: Received new action goal
[ign gazebo-2] [INFO] [1775458291.564486070] [leg_3_controller]: Accepted new action goal
[ign gazebo-2] [INFO] [1775458291.564900194] [leg_5_controller]: Received new action goal
[ign gazebo-2] [INFO] [1775458291.564939939] [leg_5_controller]: Accepted new action goal
[ign gazebo-2] [INFO] [1775458291.565230138] [leg_4_controller]: Received new action goal
[ign gazebo-2] [INFO] [1775458291.565262680] [leg_4_controller]: Accepted new action goal
[sim] [web_video_server-17] [INFO] [1775458292.436618373] [web_video_server]: Handling Request: /stream?topic=/depth_camera/color/image_raw&width=1280&height=720
[sim] [web_video_server-17] [INFO] [1775458292.439006082] [web_video_server.mjpeg_streamer]: Streaming topic /depth_camera/color/image_raw with QoS profile default
[sim] [ign gazebo-2] [INFO] [1775458293.171327428] [leg_0_controller]: Goal reached, success!
[ign gazebo-2] [INFO] [1775458293.171420854] [leg_1_controller]: Goal reached, success!
[sim] [ign gazebo-2] [INFO] [1775458293.171503841] [leg_2_controller]: Goal reached, success!
[ign gazebo-2] [INFO] [1775458293.171525042] [leg_3_controller]: Goal reached, success!
[sim] [ign gazebo-2] [INFO] [1775458293.171540661] [leg_4_controller]: Goal reached, success!
[ign gazebo-2] [INFO] [1775458293.171557212] [leg_5_controller]: Goal reached, success!
[walk] [tripod_walk_node-1] [INFO] [1775458293.215541609] [tripod_walk_node]: Half-cycle 26: B(1,3,5) swings
[sim] [ign gazebo-2] [INFO] [1775458293.216004926] [leg_0_controller]: Received new action goal
[ign gazebo-2] [INFO] [1775458293.216066453] [leg_0_controller]: Accepted new action goal
[sim] [ign gazebo-2] [INFO] [1775458293.216307869] [leg_1_controller]: Received new action goal
[sim] [ign gazebo-2] [INFO] [1775458293.216351101] [leg_1_controller]: Accepted new action goal
[ign gazebo-2] [INFO] [1775458293.216668311] [leg_2_controller]: Received new action goal
[sim] [ign gazebo-2] [INFO] [1775458293.216702516] [leg_2_controller]: Accepted new action goal
[sim] [ign gazebo-2] [INFO] [1775458293.216878900] [leg_3_controller]: Received new action goal
[sim] [ign gazebo-2] [INFO] [1775458293.216913956] [leg_3_controller]: Accepted new action goal
[sim] [ign gazebo-2] [INFO] [1775458293.217134634] [leg_4_controller]: Received new action goal
[sim] [ign gazebo-2] [INFO] [1775458293.217162908] [leg_4_controller]: Accepted new action goal
[sim] [ign gazebo-2] [INFO] [1775458293.217296981] [leg_5_controller]: Received new action goal
[sim] [ign gazebo-2] [INFO] [1775458293.217331927] [leg_5_controller]: Accepted new action goal
[sim] [ign gazebo-2] [INFO] [1775458294.742552367] [leg_0_controller]: Goal reached, success!
[ign gazebo-2] [INFO] [1775458294.742633440] [leg_1_controller]: Goal reached, success!
[ign gazebo-2] [INFO] [1775458294.742659700] [leg_2_controller]: Goal reached, success!
[sim] [ign gazebo-2] [INFO] [1775458294.742678686] [leg_3_controller]: Goal reached, success!
[ign gazebo-2] [INFO] [1775458294.742695308] [leg_4_controller]: Goal reached, success!
[sim] [ign gazebo-2] [INFO] [1775458294.742712109] [leg_5_controller]: Goal reached, success!
[walk] [tripod_walk_node-1] [INFO] [1775458294.767679448] [tripod_walk_node]: Half-cycle 27: A(0,2,4) swings
[sim] [ign gazebo-2] [INFO] [1775458294.768387668] [leg_0_controller]: Received new action goal
[sim] [ign gazebo-2] [INFO] [1775458294.768478651] [leg_0_controller]: Accepted new action goal
[sim] [ign gazebo-2] [INFO] [1775458294.768689079] [leg_1_controller]: Received new action goal
[sim] [ign gazebo-2] [INFO] [1775458294.768738172] [leg_1_controller]: Accepted new action goal
[sim] [ign gazebo-2] [INFO] [1775458294.769056023] [leg_2_controller]: Received new action goal
[sim] [ign gazebo-2] [INFO] [1775458294.769101930] [leg_2_controller]: Accepted new action goal
[sim] [ign gazebo-2] [INFO] [1775458294.769293954] [leg_3_controller]: Received new action goal
[sim] [ign gazebo-2] [INFO] [1775458294.769350801] [leg_3_controller]: Accepted new action goal
[sim] [ign gazebo-2] [INFO] [1775458294.769464697] [leg_4_controller]: Received new action goal
[sim] [ign gazebo-2] [INFO] [1775458294.769501777] [leg_4_controller]: Accepted new action goal
[sim] [ign gazebo-2] [INFO] [1775458294.769709280] [leg_5_controller]: Received new action goal
[sim] [ign gazebo-2] [INFO] [1775458294.769745909] [leg_5_controller]: Accepted new action goal
[sim] [ign gazebo-2] [INFO] [1775458296.251460900] [leg_0_controller]: Goal reached, success!
[ign gazebo-2] [INFO] [1775458296.251564315] [leg_1_controller]: Goal reached, success!
[sim] [ign gazebo-2] [INFO] [1775458296.251592939] [leg_2_controller]: Goal reached, success!
[ign gazebo-2] [INFO] [1775458296.251612627] [leg_3_controller]: Goal reached, success!
[sim] [ign gazebo-2] [INFO] [1775458296.251631522] [leg_4_controller]: Goal reached, success!
[sim] [ign gazebo-2] [INFO] [1775458296.251652482] [leg_5_controller]: Goal reached, success!
[walk] [tripod_walk_node-1] [INFO] [1775458296.270237593] [tripod_walk_node]: Half-cycle 28: B(1,3,5) swings
[sim] [ign gazebo-2] [INFO] [1775458296.271010035] [leg_0_controller]: Received new action goal
[sim] [ign gazebo-2] [INFO] [1775458296.271081610] [leg_0_controller]: Accepted new action goal
[sim] [ign gazebo-2] [INFO] [1775458296.271359506] [leg_1_controller]: Received new action goal
[sim] [ign gazebo-2] [INFO] [1775458296.271415162] [leg_1_controller]: Accepted new action goal
[ign gazebo-2] [INFO] [1775458296.271620440] [leg_2_controller]: Received new action goal
[sim] [ign gazebo-2] [INFO] [1775458296.271663832] [leg_2_controller]: Accepted new action goal
[ign gazebo-2] [INFO] [1775458296.271916280] [leg_3_controller]: Received new action goal
[sim] [ign gazebo-2] [INFO] [1775458296.271967086] [leg_3_controller]: Accepted new action goal
[sim] [ign gazebo-2] [INFO] [1775458296.272229813] [leg_4_controller]: Received new action goal
[sim] [ign gazebo-2] [INFO] [1775458296.272283114] [leg_4_controller]: Accepted new action goal
[sim] [ign gazebo-2] [INFO] [1775458296.272594944] [leg_5_controller]: Received new action goal
[sim] [ign gazebo-2] [INFO] [1775458296.272642815] [leg_5_controller]: Accepted new action goal
[sim] [ign gazebo-2] [INFO] [1775458297.915062040] [leg_0_controller]: Goal reached, success!
[sim] [ign gazebo-2] [INFO] [1775458297.915198759] [leg_1_controller]: Goal reached, success!
[ign gazebo-2] [INFO] [1775458297.915259824] [leg_2_controller]: Goal reached, success!
[sim] [ign gazebo-2] [INFO] [1775458297.919031713] [leg_3_controller]: Goal reached, success!
[sim] [ign gazebo-2] [INFO] [1775458297.919089191] [leg_4_controller]: Goal reached, success!
[sim] [ign gazebo-2] [INFO] [1775458297.919117826] [leg_5_controller]: Goal reached, success!
[walk] [tripod_walk_node-1] [INFO] [1775458297.923055076] [tripod_walk_node]: Half-cycle 29: A(0,2,4) swings
[sim] [ign gazebo-2] [INFO] [1775458297.923577615] [leg_0_controller]: Received new action goal
[ign gazebo-2] [INFO] [1775458297.923651976] [leg_0_controller]: Accepted new action goal
[sim] [ign gazebo-2] [INFO] [1775458297.925417387] [leg_1_controller]: Received new action goal
[ign gazebo-2] [INFO] [1775458297.925467903] [leg_1_controller]: Accepted new action goal
[sim] [ign gazebo-2] [INFO] [1775458297.925751509] [leg_2_controller]: Received new action goal
[sim] [ign gazebo-2] [INFO] [1775458297.925789411] [leg_2_controller]: Accepted new action goal
[ign gazebo-2] [INFO] [1775458297.925833585] [leg_5_controller]: Received new action goal
[ign gazebo-2] [INFO] [1775458297.925873801] [leg_5_controller]: Accepted new action goal
[ign gazebo-2] [INFO] [1775458297.925940246] [leg_4_controller]: Received new action goal
[ign gazebo-2] [INFO] [1775458297.925974291] [leg_4_controller]: Accepted new action goal
[sim] [ign gazebo-2] [INFO] [1775458297.926100229] [leg_3_controller]: Received new action goal
[sim] [ign gazebo-2] [INFO] [1775458297.926127791] [leg_3_controller]: Accepted new action goal
[walk] [tripod_walk_node-1] [INFO] [1775458299.188338065] [tripod_walk_node]: Stopping — returning to stand.
[sim] [ign gazebo-2] [INFO] [1775458299.425760505] [leg_0_controller]: Goal reached, success!
[sim] [ign gazebo-2] [INFO] [1775458299.427852314] [leg_1_controller]: Goal reached, success!
[sim] [ign gazebo-2] [INFO] [1775458299.427905344] [leg_2_controller]: Goal reached, success!
[sim] [ign gazebo-2] [INFO] [1775458299.427925632] [leg_3_controller]: Goal reached, success!
[ign gazebo-2] [INFO] [1775458299.427941062] [leg_4_controller]: Goal reached, success!
[sim] [ign gazebo-2] [INFO] [1775458299.427957853] [leg_5_controller]: Goal reached, success!
[walk] [tripod_walk_node-1] [INFO] [1775458305.094362158] [tripod_walk_node]: Go-home command received.
[walk] [tripod_walk_node-1] [INFO] [1775458305.094456837] [tripod_walk_node]: Sending stand-up trajectory (2.0s).
[sim] [ign gazebo-2] [INFO] [1775458305.094762896] [leg_0_controller]: Received new action goal
[ign gazebo-2] [INFO] [1775458305.094819243] [leg_0_controller]: Accepted new action goal
[sim] [ign gazebo-2] [INFO] [1775458305.095122948] [leg_2_controller]: Received new action goal
[sim] [ign gazebo-2] [INFO] [1775458305.095155078] [leg_5_controller]: Received new action goal
[sim] [ign gazebo-2] [INFO] [1775458305.095161070] [leg_2_controller]: Accepted new action goal
[sim] [ign gazebo-2] [INFO] [1775458305.095176729] [leg_4_controller]: Received new action goal
[sim] [ign gazebo-2] [INFO] [1775458305.095193421] [leg_5_controller]: Accepted new action goal
[sim] [ign gazebo-2] [INFO] [1775458305.095201136] [leg_1_controller]: Received new action goal
[sim] [ign gazebo-2] [INFO] [1775458305.095218949] [leg_3_controller]: Received new action goal
[sim] [ign gazebo-2] [INFO] [1775458305.095369013] [leg_3_controller]: Accepted new action goal
[ign gazebo-2] [INFO] [1775458305.095328226] [leg_1_controller]: Accepted new action goal
[ign gazebo-2] [INFO] [1775458305.095251761] [leg_4_controller]: Accepted new action goal
[sim] [ign gazebo-2] [INFO] [1775458309.620468387] [leg_0_controller]: Goal reached, success!
[ign gazebo-2] [INFO] [1775458309.620585729] [leg_1_controller]: Goal reached, success!
[ign gazebo-2] [INFO] [1775458309.620613522] [leg_2_controller]: Goal reached, success!
[sim] [ign gazebo-2] [INFO] [1775458309.620640443] [leg_3_controller]: Goal reached, success!
[ign gazebo-2] [INFO] [1775458309.620686249] [leg_4_controller]: Goal reached, success!
[sim] [ign gazebo-2] [INFO] [1775458309.620721506] [leg_5_controller]: Goal reached, success!
[walk] [tripod_walk_node-1] [INFO] [1775458309.646075549] [tripod_walk_node]: Stand pose reached. Ready to walk.
[sim] [mavros_node-14] [WARN] [1775458444.366417182] [mavros.cmd]: CMD: Unexpected command 11, result 0
[sim] [web_video_server-17] [INFO] [1775458455.049005326] [web_video_server]: Handling Request: /stream?topic=/depth_camera/color/image_raw&width=1280&height=720
[sim] [web_video_server-17] [INFO] [1775458455.050837194] [web_video_server.mjpeg_streamer]: Streaming topic /depth_camera/color/image_raw with QoS profile default
[stop-all] Graceful shutdown requested. Running: [sim, walk]
[stop-all] Sent SIGINT to 'sim'
[stop-all] Sent SIGINT to 'walk'
[walk] [WARNING] [launch]: user interrupted with ctrl-c (SIGINT)
[sim] [WARNING] [launch]: user interrupted with ctrl-c (SIGINT)
[walk] [INFO] [tripod_walk_node-1]: sending signal 'SIGINT' to process[tripod_walk_node-1]
[walk] [tripod_walk_node-1] [INFO] [1775458464.869171274] [rclcpp]: signal_handler(SIGINT/SIGTERM)
[sim] [INFO] [web_video_server-17]: sending signal 'SIGINT' to process[web_video_server-17]
[sim] [INFO] [aerial_controller_node-16]: sending signal 'SIGINT' to process[aerial_controller_node-16]
[sim] [INFO] [mode_manager_node-15]: sending signal 'SIGINT' to process[mode_manager_node-15]
[sim] [INFO] [mavros_node-14]: sending signal 'SIGINT' to process[mavros_node-14]
[sim] [INFO] [arducopter-4]: sending signal 'SIGINT' to process[arducopter-4]
[sim] [INFO] [parameter_bridge-3]: sending signal 'SIGINT' to process[parameter_bridge-3]
[sim] [INFO] [ign gazebo-2]: sending signal 'SIGINT' to process[ign gazebo-2]
[sim] [ERROR] [arducopter-4]: process has died [pid 5463, exit code -2, cmd '/ardupilot/build/sitl/bin/arducopter -S --model JSON --speedup 1 --slave 0 --defaults /ardupilot/Tools/autotest/default_params/copter.parm,/ardupilot/Tools/autotest/default_params/gazebo-iris.parm,/vx01_ws/src/vx01_bringup/config/ardupilot_sim_bypass.parm --sim-address 127.0.0.1 -I 0'].
[sim] [INFO] [robot_state_publisher-1]: sending signal 'SIGINT' to process[robot_state_publisher-1]
[sim] [web_video_server-17] [INFO] [1775458464.873362158] [rclcpp]: signal_handler(SIGINT/SIGTERM)
[sim] [aerial_controller_node-16] [INFO] [1775458464.875727105] [rclcpp]: signal_handler(SIGINT/SIGTERM)
[sim] [mode_manager_node-15] [INFO] [1775458464.878751992] [rclcpp]: signal_handler(SIGINT/SIGTERM)
[sim] [mavros_node-14] [INFO] [1775458464.884447674] [rclcpp]: signal_handler(SIGINT/SIGTERM)
[sim] [mavros_node-14] Error:   mavconn: tcp0: receive: End of file
[mavros_node-14]          at line 283 in ./src/tcp.cpp
[sim] [parameter_bridge-3] [INFO] [1775458464.891747925] [rclcpp]: signal_handler(SIGINT/SIGTERM)
[sim] [robot_state_publisher-1] [INFO] [1775458464.898838258] [rclcpp]: signal_handler(SIGINT/SIGTERM)
[sim] [INFO] [parameter_bridge-3]: process has finished cleanly [pid 5461]
[sim] [INFO] [mavros_node-14]: process has finished cleanly [pid 5855]
[sim] [INFO] [mode_manager_node-15]: process has finished cleanly [pid 5857]
[sim] [INFO] [aerial_controller_node-16]: process has finished cleanly [pid 5859]
[sim] [INFO] [web_video_server-17]: process has finished cleanly [pid 5861]
[sim] [INFO] [robot_state_publisher-1]: process has finished cleanly [pid 5457]
[walk] [INFO] [tripod_walk_node-1]: process has finished cleanly [pid 6034]
Process 'walk' exited with code null
[stop-all] Inner shutdown error: Command failed: docker exec vx01-dev bash -c "pkill -SIGINT -f 'ros2 launch' 2>/dev/null; true && pkill -SIGINT -f 'ros2 run'    2>/dev/null; true && sleep 3 && pkill -SIGKILL -f 'ros2'                  2>/dev/null; true && pkill -SIGKILL -f 'mavros_node'            2>/dev/null; true && pkill -SIGKILL -f 'arducopter'             2>/dev/null; true && pkill -SIGKILL -f 'ign gazebo'             2>/dev/null; true && pkill -SIGKILL -f 'gz sim'                 2>/dev/null; true && pkill -SIGKILL -f 'gzserver'               2>/dev/null; true && pkill -SIGKILL -f 'gzclient'               2>/dev/null; true && pkill -SIGKILL -f 'rosbridge'              2>/dev/null; true && pkill -SIGKILL -f 'web_video_server'       2>/dev/null; true && rm -f /tmp/.ros_*                          2>/dev/null; true && rm -f /root/.ros/log/latest                2>/dev/null; true"

Process 'sim' exited with code null
